Team,Year,HC,OC,DC
ARI,2021,Kliff Kingsbury,Sean Kugler,Vance Joseph
ARI,2022,Kliff Kingsbury,Sean Kugler,Vance Joseph
ARI,2023,Jonathan Gannon,Drew Petzing,Nick Rallis
ARI,2024,Jonathan Gannon,Drew Petzing,Nick Rallis
ATL,2021,Arthur Smith,Dave Ragone,Dean Pees
ATL,2022,Arthur Smith,Dave Ragone,Dean Pees
ATL,2023,Arthur Smith,Dave Ragone,Ryan Nielsen
ATL,2024,Raheem Morris,Zac Robinson,Jimmy Lake
BAL,2021,John Harbaugh,Greg Roman,Don Martindale
BAL,2022,John Harbaugh,Greg Roman,Mike Macdonald
BAL,2023,John Harbaugh,Todd Monken,Mike Macdonald
BAL,2024,John Harbaugh,Todd Monken,Mike Macdonald
BUF,2021,Sean McDermott,Brian Daboll,Leslie Frazier
BUF,2022,Sean McDermott,Ken Dorsey,Leslie Frazier
BUF,2023,Sean McDermott,Ken Dorsey,Sean McDermott
BUF,2024,Sean McDermott,Joe Brady,Bobby Babich
CAR,2021,Matt Rhule,Joe Brady,Phil Snow
CAR,2022,Steve Wilks,Ben McAdoo,Al Holcomb
CAR,2023,Frank Reich,Thomas Brown,Ejiro Evero
CAR,2024,Dave Canales,Brad Idzik,Ejiro Evero
CHI,2021,Matt Nagy,Bill Lazor,Sean Desai
CHI,2022,Matt Eberflus,Luke Getsy,Alan Williams
CHI,2023,Matt Eberflus,Luke Getsy,Matt Eberflus
CHI,2024,Matt Eberflus,Shane Waldron,Eric Washington
CIN,2021,Zac Taylor,Brian Callahan,Lou Anarumo
CIN,2022,Zac Taylor,Brian Callahan,Lou Anarumo
CIN,2023,Zac Taylor,Brian Callahan,Lou Anarumo
CIN,2024,Zac Taylor,Dan Pitcher,Lou Anarumo
CLE,2021,Kevin Stefanski,Alex Van Pelt,Joe Woods
CLE,2022,Kevin Stefanski,Alex Van Pelt,Joe Woods
CLE,2023,Kevin Stefanski,Alex Van Pelt,Jim Schwartz
CLE,2024,Kevin Stefanski,Ken Dorsey,Jim Schwartz
DAL,2021,Mike McCarthy,Kellen Moore,Dan Quinn
DAL,2022,Mike McCarthy,Kellen Moore,Dan Quinn
DAL,2023,Mike McCarthy,Brian Schottenheimer,Dan Quinn
DAL,2024,Mike McCarthy,Brian Schottenheimer,Mike Zimmer
DEN,2021,Vic Fangio,Pat Shurmur,Ed Donatell
DEN,2022,Nathaniel Hackett,Justin Outten,Ejiro Evero
DEN,2023,Sean Payton,Joe Lombardi,Vance Joseph
DEN,2024,Sean Payton,Joe Lombardi,Vance Joseph
DET,2021,Dan Campbell,Anthony Lynn,Aaron Glenn
DET,2022,Dan Campbell,Ben Johnson,Aaron Glenn
DET,2023,Dan Campbell,Ben Johnson,Aaron Glenn
DET,2024,Dan Campbell,Ben Johnson,Aaron Glenn
GB,2021,Matt LaFleur,Nathaniel Hackett,Joe Barry
GB,2022,Matt LaFleur,Adam Stenavich,Joe Barry
GB,2023,Matt LaFleur,Adam Stenavich,Joe Barry
GB,2024,Matt LaFleur,Adam Stenavich,Jeff Hafley
HOU,2021,David Culley,Tim Kelly,Lovie Smith
HOU,2022,Lovie Smith,Pep Hamilton,Lovie Smith
HOU,2023,DeMeco Ryans,Bobby Slowik,Matt Burke
HOU,2024,DeMeco Ryans,Bobby Slowik,Matt Burke
IND,2021,Frank Reich,Marcus Brady,Matt Eberflus
IND,2022,Jeff Saturday,Parks Frazier,Gus Bradley
IND,2023,Shane Steichen,Jim Bob Cooter,Gus Bradley
IND,2024,Shane Steichen,Jim Bob Cooter,Gus Bradley
JAX,2021,Urban Meyer,Darrell Bevell,Joe Cullen
JAX,2022,Doug Pederson,Press Taylor,Mike Caldwell
JAX,2023,Doug Pederson,Press Taylor,Mike Caldwell
JAX,2024,Doug Pederson,Press Taylor,Ryan Nielsen
KC,2021,Andy Reid,Eric Bieniemy,Steve Spagnuolo
KC,2022,Andy Reid,Eric Bieniemy,Steve Spagnuolo
KC,2023,Andy Reid,Matt Nagy,Steve Spagnuolo
KC,2024,Andy Reid,Matt Nagy,Steve Spagnuolo
LAC,2021,Brandon Staley,Joe Lombardi,Renaldo Hill
LAC,2022,Brandon Staley,Joe Lombardi,Renaldo Hill
LAC,2023,Brandon Staley,Kellen Moore,Derrick Ansley
LAC,2024,Jim Harbaugh,Greg Roman,Jesse Minter
LAR,2021,Sean McVay,Kevin O'Connell,Raheem Morris
LAR,2022,Sean McVay,Liam Coen,Raheem Morris
LAR,2023,Sean McVay,Mike LaFleur,Raheem Morris
LAR,2024,Sean McVay,Mike LaFleur,Chris Shula
LV,2021,Rich Bisaccia,Greg Olson,Gus Bradley
LV,2022,Josh McDaniels,Mick Lombardi,Patrick Graham
LV,2023,Antonio Pierce,Bo Hardegree,Patrick Graham
LV,2024,Antonio Pierce,Luke Getsy,Patrick Graham
MIA,2021,Brian Flores,George Godsey,Josh Boyer
MIA,2022,Mike McDaniel,Frank Smith,Josh Boyer
MIA,2023,Mike McDaniel,Frank Smith,Vic Fangio
MIA,2024,Mike McDaniel,Frank Smith,Anthony Weaver
MIN,2021,Mike Zimmer,Klint Kubiak,Andre Patterson
MIN,2022,Kevin O'Connell,Wes Phillips,Ed Donatell
MIN,2023,Kevin O'Connell,Wes Phillips,Brian Flores
MIN,2024,Kevin O'Connell,Wes Phillips,Brian Flores
NE,2021,Bill Belichick,Josh McDaniels,Steve Belichick
NE,2022,Bill Belichick,Matt Patricia,Steve Belichick
NE,2023,Bill Belichick,Bill O'Brien,Steve Belichick
NE,2024,Jerod Mayo,Alex Van Pelt,DeMarcus Covington
NO,2021,Sean Payton,Pete Carmichael,Dennis Allen
NO,2022,Dennis Allen,Pete Carmichael,Ryan Nielsen
NO,2023,Dennis Allen,Pete Carmichael,Joe Woods
NO,2024,Dennis Allen,Klint Kubiak,Joe Woods
NYG,2021,Joe Judge,Jason Garrett,Patrick Graham
NYG,2022,Brian Daboll,Mike Kafka,Wink Martindale
NYG,2023,Brian Daboll,Mike Kafka,Wink Martindale
NYG,2024,Brian Daboll,Mike Kafka,Shane Bowen
NYJ,2021,Robert Saleh,Mike LaFleur,Jeff Ulbrich
NYJ,2022,Robert Saleh,Mike LaFleur,Jeff Ulbrich
NYJ,2023,Robert Saleh,Nathaniel Hackett,Jeff Ulbrich
NYJ,2024,Robert Saleh,Nathaniel Hackett,Jeff Ulbrich
PHI,2021,Nick Sirianni,Shane Steichen,Jonathan Gannon
PHI,2022,Nick Sirianni,Shane Steichen,Jonathan Gannon
PHI,2023,Nick Sirianni,Brian Johnson,Sean Desai
PHI,2024,Nick Sirianni,Kellen Moore,Vic Fangio
PIT,2021,Mike Tomlin,Matt Canada,Keith Butler
PIT,2022,Mike Tomlin,Matt Canada,Teryl Austin
PIT,2023,Mike Tomlin,Eddie Faulkner,Teryl Austin
PIT,2024,Mike Tomlin,Arthur Smith,Teryl Austin
SEA,2021,Pete Carroll,Shane Waldron,Ken Norton Jr.
SEA,2022,Pete Carroll,Shane Waldron,Clint Hurtt
SEA,2023,Pete Carroll,Shane Waldron,Clint Hurtt
SEA,2024,Mike Macdonald,Ryan Grubb,Aden Durde
