player_name,season,position,player_id
Trevor Lawrence,2021,QB,lawtre001
Zach Wilson,2021,QB,wilzac001
Trey Lance,2021,QB,lantre001
Kyle Pitts,2021,TE,pitkyl001
Ja'Marr Chase,2021,WR,chajam001
Jaylen Waddle,2021,WR,wadjay001
Devonta Smith,2021,WR,smidev002
Justin Fields,2021,QB,fiejus001
Mac Jones,2021,QB,jonmac001
Kadarius Toney,2021,WR,tonkad001
Najee Harris,2021,RB,harnaj001
Travis Etienne,2021,RB,etitra001
Rashod Bateman,2021,WR,batras001
Elijah Moore,2021,WR,mooeli001
Javonte Williams,2021,RB,wiljav001
Rondale Moore,2021,WR,mooron001
Pat Freiermuth,2021,TE,frepat001
D'Wayne Eskridge,2021,WR,eskdwa001
Tutu Atwell,2021,WR,atwtut001
Terrace Marshall Jr.,2021,WR,jrrter001
Kyle Trask,2021,QB,trakyl001
Kellen Mond,2021,QB,monkel001
Davis Mills,2021,QB,mildav001
Josh Palmer,2021,WR,paljos001
Hunter Long,2021,TE,lonhun001
Dyami Brown,2021,WR,brodya001
Tommy Tremble,2021,TE,tretom001
Amari Rodgers,2021,WR,rodama001
Trey Sermon,2021,RB,sertre001
Nico Collins,2021,WR,colnic001
Anthony Schwartz,2021,WR,schant001
Tre' Mckitty,2021,TE,mcktre002
Michael Carter,2021,RB,carmic001
Dez Fitzpatrick,2021,WR,fitdez001
Amon-Ra St. Brown,2021,WR,broamo001
Kene Nwangwu,2021,RB,nwaken001
Rhamondre Stevenson,2021,RB,sterha001
John Bates,2021,TE,batjoh001
Chuba Hubbard,2021,RB,hubchu001
Kylen Granson,2021,TE,grakyl001
Jaelon Darden,2021,WR,darjae001
Tylan Wallace,2021,WR,waltyl001
Ian Book,2021,QB,booian001
Jacob Harris,2021,WR,harjac001
Luke Farrell,2021,TE,farluk001
Brevin Jordan,2021,TE,jorbre001
Kenneth Gainwell,2021,RB,gaiken001
Ihmir Smith-Marsette,2021,WR,smiihm001
Noah Gray,2021,TE,granoa001
Zach Davidson,2021,TE,davzac001
Simi Fehoko,2021,WR,fehsim001
Cornell Powell,2021,WR,powcor001
Frank Darby,2021,WR,darfra001
Elijah Mitchell,2021,RB,miteli001
Gary Brightwell,2021,RB,brigar001
Larry Rountree,2021,RB,roular001
Chris Evans,2021,RB,evachr001
Marquez Stevenson,2021,WR,stemar001
Shi Smith,2021,WR,smishi001
Racey Mcmath,2021,WR,mcmrac002
Jalen Camp,2021,WR,camjal001
Demetric Felton,2021,RB,feldem001
Khalil Herbert,2021,RB,herkha001
Sam Ehlinger,2021,QB,ehlsam001
Seth Williams,2021,WR,wilset001
Dazz Newsome,2021,WR,newdaz001
Mike Strachan,2021,WR,strmik001
Jake Funk,2021,RB,funjak001
Tre Nixon,2021,WR,nixtre001
Gerrid Doaks,2021,RB,doager001
Ben Skowronek,2021,WR,skoben001
Kawaan Baker,2021,WR,bakkaw001
Kylin Hill,2021,RB,hilkyl001
Jermar Jefferson,2021,RB,jefjer001
Dax Milne,2021,WR,mildax001
Drake London,2022,WR,londra001
Garrett Wilson,2022,WR,wilgar001
Chris Olave,2022,WR,olachr001
Jameson Williams,2022,WR,wiljam001
Jahan Dotson,2022,WR,dotjah001
Treylon Burks,2022,WR,burtre001
Kenny Pickett,2022,QB,picken001
Christian Watson,2022,WR,watchr001
Breece Hall,2022,RB,halbre001
Kenneth Walker Iii,2022,RB,iiiken002
Wan'Dale Robinson,2022,WR,robwan001
John Metchie,2022,WR,metjoh001
Tyquan Thornton,2022,WR,thotyq001
George Pickens,2022,WR,picgeo001
Alec Pierce,2022,WR,pieale001
Skyy Moore,2022,WR,moosky001
Trey Mcbride,2022,TE,mcbtre002
James Cook,2022,RB,coojam001
Velus Jones Jr.,2022,WR,jrrvel001
Jelani Woods,2022,TE,woojel001
Desmond Ridder,2022,QB,riddes001
Greg Dulcich,2022,TE,dulgre001
Malik Willis,2022,QB,wilmal001
Jalen Tolbert,2022,WR,toljal001
Rachaad White,2022,RB,whirac001
Tyrion Davis-Price,2022,RB,davtyr001
Matt Corral,2022,QB,cormat001
Brian Robinson Jr.,2022,RB,jrrbri001
David Bell,2022,WR,beldav001
Jeremy Ruckert,2022,TE,rucjer001
Danny Gray,2022,WR,gradan001
Cade Otton,2022,TE,ottcad001
Dameon Pierce,2022,RB,piedam001
Daniel Bellinger,2022,TE,beldan001
Zamir White,2022,RB,whizam001
Isaiah Spiller,2022,RB,spiisa001
Erik Ezukanma,2022,WR,ezueri001
Pierre Strong,2022,RB,strpie001
Charlie Kolar,2022,TE,kolcha001
Jake Ferguson,2022,TE,ferjak001
Hassan Haskins,2022,RB,hashas001
Romeo Doubs,2022,WR,dourom001
Bailey Zappe,2022,QB,zapbai001
Calvin Austin Iii,2022,WR,iiical002
Isaiah Likely,2022,TE,likisa001
Chigoziem Okonkwo,2022,TE,okochi001
Sam Howell,2022,QB,howsam001
Khalil Shakir,2022,WR,shakha001
Cole Turner,2022,TE,turcol001
Tyler Allgeier,2022,RB,alltyl001
Snoop Conner,2022,RB,consno001
Jerome Ford,2022,RB,forjer001
Montrell Washington,2022,WR,wasmon001
Kyle Philips,2022,WR,phikyl001
Kyren Williams,2022,RB,wilkyr001
Ty Chandler,2022,RB,chatyy001
Teagan Quitoriano,2022,TE,quitea001
James Mitchell,2022,TE,mitjam001
Kevin Harris,2022,RB,harkev001
Jalen Nailor,2022,WR,naijal001
Andrew Ogletree,2022,TE,ogland001
Tyler Badie,2022,RB,badtyl001
Grant Calcaterra,2022,TE,calgra001
Keaontay Ingram,2022,RB,ingkea001
Michael Woods Ii,2022,WR,iiimic002
Trestan Ebner,2022,RB,ebntre001
Connor Heyward,2022,TE,heycon001
John Fitzpatrick,2022,TE,fitjoh002
Ko Kieft,2022,TE,kiekoo001
Nick Muse,2022,TE,musnic001
Bo Melton,2022,WR,melboo001
Dareke Young,2022,WR,youdar001
Chris Oladokun,2022,QB,olachr002
Skylar Thompson,2022,QB,thosky001
Brittain Brown,2022,RB,brobri001
Isiah Pacheco,2022,RB,pacisi001
Samori Toure,2022,WR,tousam001
Zander Horvath,2022,RB,horzan001
Brock Purdy,2022,QB,purbro001
Bryce Young,2023,QB,youbry001
C.J. Stroud,2023,QB,strcjj001
Anthony Richardson,2023,QB,ricant001
Bijan Robinson,2023,RB,robbij001
Jahmyr Gibbs,2023,RB,gibjah001
Jaxon Smith-Njigba,2023,WR,smijax001
Quentin Johnston,2023,WR,johque001
Zay Flowers,2023,WR,flozay001
Jordan Addison,2023,WR,addjor001
Dalton Kincaid,2023,TE,kindal001
Will Levis,2023,QB,levwil001
Sam Laporta,2023,TE,lapsam002
Michael Mayer,2023,TE,maymic001
Jonathan Mingo,2023,WR,minjon001
Luke Musgrave,2023,TE,musluk001
Jayden Reed,2023,WR,reejay001
Zach Charbonnet,2023,RB,chazac001
Rashee Rice,2023,WR,ricras001
Luke Schoonmaker,2023,TE,schluk001
Brenton Strange,2023,TE,strbre001
Marvin Mims,2023,WR,mimmar001
Hendon Hooker,2023,QB,hoohen001
Tank Dell,2023,WR,deltan001
Kendre Miller,2023,RB,milken001
Jalin Hyatt,2023,WR,hyajal001
Cedric Tillman,2023,WR,tilced001
Tucker Kraft,2023,TE,kratuc001
Josh Downs,2023,WR,dowjos001
Tyjae Spears,2023,RB,spetyj001
De'Von Achane,2023,RB,achdev001
Tank Bigsby,2023,RB,bigtan001
Darnell Washington,2023,TE,wasdar001
Michael Wilson,2023,WR,wilmic001
Tre Tucker,2023,WR,tuctre001
Cameron Latu,2023,TE,latcam001
Roschon Johnson,2023,RB,johros001
Derius Davis,2023,WR,davder001
Jake Haener,2023,QB,haejak001
Stetson Bennett,2023,QB,benste001
Charlie Jones,2023,WR,joncha001
Tyler Scott,2023,WR,scotyl001
Aidan O'Connell,2023,QB,ocoaid001
Clayton Tune,2023,QB,tuncla001
Dorian Thompson-Robinson,2023,QB,thodor001
Israel Abanikanda,2023,RB,abaisr001
Josh Whyle,2023,TE,whyjos001
Sean Clifford,2023,QB,clisea001
Justin Shorter,2023,WR,shojus001
Dontayvion Wicks,2023,WR,wicdon001
Will Mallory,2023,TE,malwil001
Chase Brown,2023,RB,brocha001
Jaren Hall,2023,QB,haljar001
Payne Durham,2023,TE,durpay001
Eric Gray,2023,RB,graeri001
Davis Allen,2023,TE,alldav001
Evan Hull,2023,RB,huleva001
Puka Nacua,2023,WR,nacpuk001
Parker Washington,2023,WR,waspar001
Kayshon Boutte,2023,WR,boukay001
Tanner Mckee,2023,QB,mcktan002
Trey Palmer,2023,WR,paltre001
Chris Rodriguez,2023,RB,rodchr001
A.T. Perry,2023,WR,peratt001
Elijah Higgins,2023,WR,higeli001
Xavier Hutchinson,2023,WR,hutxav001
Andrei Iosivas,2023,WR,iosand001
Demario Douglas,2023,WR,doudem002
Deuce Vaughn,2023,RB,vaudeu001
Zach Evans,2023,RB,evazac001
Antoine Green,2023,WR,greant001
Zack Kuntz,2023,TE,kunzac001
Dewayne Mcbride,2023,RB,mcbdew001
Colton Dowell,2023,WR,dowcol001
Lew Nichols,2023,RB,niclew001
Kenny Mcintosh,2023,RB,mciken002
Max Duggan,2023,QB,dugmax001
Jalen Brooks,2023,WR,brojal001
Brayden Willis,2023,TE,wilbra001
Ronnie Bell,2023,WR,belron001
Grant Dubose,2023,WR,dubgra001
Caleb Williams,2024,QB,wilcal001
Jayden Daniels,2024,QB,danjay001
Drake Maye,2024,QB,maydra001
Marvin Harrison Jr.,2024,WR,jrrmar001
Malik Nabers,2024,WR,nabmal001
Michael Penix,2024,QB,penmic001
Rome Odunze,2024,WR,odurom001
J.J. Mccarthy,2024,QB,mccjjj001
Bo Nix,2024,QB,nixboo001
Brock Bowers,2024,TE,bowbro001
Brian Thomas,2024,WR,thobri001
Xavier Worthy,2024,WR,worxav001
Ricky Pearsall,2024,WR,pearic001
Xavier Legette,2024,WR,legxav001
Keon Coleman,2024,WR,colkeo001
Ladd Mcconkey,2024,WR,mcclad002
Ja'Lynn Polk,2024,WR,poljal001
Jonathon Brooks,2024,RB,brojon001
Adonai Mitchell,2024,WR,mitado001
Ben Sinnott,2024,TE,sinben001
Malachi Corley,2024,WR,cormal001
Trey Benson,2024,RB,bentre001
Jermaine Burton,2024,WR,burjer001
Tip Reiman,2024,TE,reitip001
Blake Corum,2024,RB,corbla001
Roman Wilson,2024,WR,wilrom001
Marshawn Lloyd,2024,RB,llomar002
Jalen Mcmillan,2024,WR,mcmjal002
Luke Mccaffrey,2024,WR,mccluk002
Ja'Tavion Sanders,2024,TE,sanjat001
Troy Franklin,2024,WR,fratro001
Theo Johnson,2024,TE,johthe001
Javon Baker,2024,WR,bakjav001
Devontez Walker,2024,WR,waldev001
Erick All,2024,TE,alleri001
Jaylen Wright,2024,RB,wrijay001
Aj Barner,2024,TE,barajj002
Cade Stover,2024,TE,stocad001
Bucky Irving,2024,RB,irvbuc001
Will Shipley,2024,RB,shiwil001
Ray Davis,2024,RB,davray001
Isaac Guerendo,2024,RB,gueisa001
Jared Wiley,2024,TE,wiljar001
Braelon Allen,2024,RB,allbra001
Jacob Cowing,2024,WR,cowjac001
Anthony Gould,2024,WR,gouant001
Audric Estime,2024,RB,estaud001
Spencer Rattler,2024,QB,ratspe001
Ainias Smith,2024,WR,smiain001
Jamari Thrash,2024,WR,thrjam001
Rasheen Ali,2024,RB,aliras001
Tyrone Tracy Jr.,2024,RB,jrrtyr001
Keilan Robinson,2024,RB,robkei001
Bub Means,2024,WR,meabub001
Jordan Travis,2024,QB,trajor001
Isaiah Davis,2024,RB,davisa001
Kimani Vidal,2024,RB,vidkim001
Jha'Quan Jackson,2024,WR,jacjha001
Malik Washington,2024,WR,wasmal001
Johnny Wilson,2024,WR,wiljoh001
Jase Mcclellan,2024,RB,mccjas002
Casey Washington,2024,WR,wascas001
Tejhaun Palmer,2024,WR,paltej001
Joe Milton,2024,QB,miljoe001
Tanner Mclachlan,2024,TE,mcltan002
Jawhar Jordan,2024,RB,jorjaw001
Dylan Laube,2024,RB,laudyl001
Jordan Whittington,2024,WR,whijor001
Ryan Flournoy,2024,WR,florya001
Devin Leary,2024,QB,leadev001
Brenden Rice,2024,WR,ricbre001
Jaheim Bell,2024,TE,beljah001
Devaughn Vele,2024,WR,veldev001
Tahj Washington,2024,WR,wastah001
Michael Pratt,2024,QB,pramic001
Devin Culp,2024,TE,culdev001
Cornelius Johnson,2024,WR,johcor001
Christian McCaffrey,2021,RB,mccchr001
Dalvin Cook,2021,RB,coodal001
Ezekiel Elliott,2021,RB,elleze001
Derrick Henry,2021,RB,hender001
Alvin Kamara,2021,RB,kamalv001
Nick Chubb,2021,RB,chunic001
Aaron Jones,2021,RB,jonaar001
Davante Adams,2021,WR,adadav001
Tyreek Hill,2021,WR,hiltyr001
Jonathan Taylor,2021,RB,tayjon001
Stefon Diggs,2021,WR,digste001
Saquon Barkley,2021,RB,barsaq001
Austin Ekeler,2021,RB,ekeaus001
Antonio Gibson,2021,RB,gibant001
Travis Kelce,2021,TE,keltra001
Calvin Ridley,2021,WR,ridcal001
DeAndre Hopkins,2021,WR,hopdea001
D.K. Metcalf,2021,WR,metdkk001
Joe Mixon,2021,RB,mixjoe001
Justin Jefferson,2021,WR,jefjus001
A.J. Brown,2021,WR,broajj001
Darren Waller,2021,TE,waldar001
Clyde Edwards-Helaire,2021,RB,edwcly001
Allen Robinson II,2021,WR,iiiall001
Keenan Allen,2021,WR,allkee001
Terry McLaurin,2021,WR,mclter001
CeeDee Lamb,2021,WR,lamcee001
Patrick Mahomes II,2021,QB,iiipat001
Chris Carson,2021,RB,carchr001
David Montgomery,2021,RB,mondav001
James Robinson,2021,RB,robjam001
Mike Evans,2021,WR,evamik001
Chris Godwin,2021,WR,godchr001
Josh Allen,2021,QB,alljos001
George Kittle,2021,TE,kitgeo001
Cooper Kupp,2021,WR,kupcoo001
Gus Edwards,2021,RB,edwgus001
Amari Cooper,2021,WR,cooama001
Robert Woods,2021,WR,woorob001
Tyler Lockett,2021,WR,loctyl001
Miles Sanders,2021,RB,sanmil001
D.J. Moore,2021,WR,moodjj001
Josh Jacobs,2021,RB,jacjos001
D'Andre Swift,2021,RB,swidan001
Brandon Aiyuk,2021,WR,aiybra001
Julio Jones,2021,WR,jonjul001
Lamar Jackson,2021,QB,jaclam001
Adam Thielen,2021,WR,thiada001
Mike Davis,2021,RB,davmik001
Damien Harris,2021,RB,hardam001
Darrell Henderson,2021,RB,hendar001
Kyler Murray,2021,QB,murkyl001
Mark Andrews,2021,TE,andmar001
T.J. Hockenson,2021,TE,hoctjj001
Dak Prescott,2021,QB,predak001
Tee Higgins,2021,WR,higtee001
Diontae Johnson,2021,WR,johdio001
Kareem Hunt,2021,RB,hunkar001
Myles Gaskin,2021,RB,gasmyl001
Chase Claypool,2021,WR,clacha001
Jerry Jeudy,2021,WR,jeujer001
Robby Anderson,2021,WR,androb001
Russell Wilson,2021,QB,wilrus001
Odell Beckham Jr.,2021,WR,jrrode001
Chase Edmonds,2021,RB,edmcha001
Tyler Boyd,2021,WR,boytyl001
Raheem Mostert,2021,RB,mosrah001
Melvin Gordon III,2021,RB,iiimel001
AJ Dillon,2021,RB,dilajj001
Logan Thomas,2021,TE,tholog001
Justin Herbert,2021,QB,herjus001
Tom Brady,2021,QB,bratom001
Tyler Higbee,2021,TE,higtyl001
Aaron Rodgers,2021,QB,rodaar001
Jalen Hurts,2021,QB,hurjal001
Ronald Jones II,2021,RB,iiiron001
Kenny Golladay,2021,WR,golken001
JuJu Smith-Schuster,2021,WR,smijuj001
Antonio Brown,2021,WR,broant001
Courtland Sutton,2021,WR,sutcou001
Deebo Samuel,2021,WR,samdee001
Robert Tonyan,2021,TE,tonrob001
Leonard Fournette,2021,RB,fouleo001
Zack Moss,2021,RB,moszac001
James Conner,2021,RB,conjam001
Ryan Tannehill,2021,QB,tanrya001
Jamaal Williams,2021,RB,wiljam002
Brandin Cooks,2021,WR,coobra001
Dallas Goedert,2021,TE,goedal001
Sony Michel,2021,RB,micson001
Matthew Stafford,2021,QB,stamat001
Noah Fant,2021,TE,fannoa001
Michael Gallup,2021,WR,galmic001
DeVonta Smith,2021,WR,smidev002
Kenyan Drake,2021,RB,draken001
Will Fuller V,2021,WR,vvvwil001
Corey Davis,2021,WR,davcor001
D.J. Chark Jr.,2021,WR,jrrdjj001
Joe Burrow,2021,QB,burjoe001
Laviska Shenault Jr.,2021,WR,jrrlav001
Matt Ryan,2021,QB,ryamat001
Kirk Cousins,2021,QB,coukir001
Devin Singletary,2021,RB,sindev001
Tony Pollard,2021,RB,polton001
Mike Williams,2021,WR,wilmik001
Phillip Lindsay,2021,RB,linphi001
Marvin Jones Jr.,2021,WR,jrrmar002
Michael Pittman Jr.,2021,WR,jrrmic001
Mike Gesicki,2021,TE,gesmik001
Nyheim Hines,2021,RB,hinnyh001
Gerald Everett,2021,TE,eveger001
Alexander Mattison,2021,RB,matale001
Jarvis Landry,2021,WR,lanjar001
Jonnu Smith,2021,TE,smijon001
Curtis Samuel,2021,WR,samcur001
David Johnson,2021,RB,johdav001
Marquise Brown,2021,WR,bromar001
Ryan Fitzpatrick,2021,QB,fitrya001
Jakobi Meyers,2021,WR,meyjak001
Baker Mayfield,2021,QB,maybak001
Darnell Mooney,2021,WR,moodar001
Evan Engram,2021,TE,engeva001
Marquez Callaway,2021,WR,calmar001
Cole Kmet,2021,TE,kmecol001
Austin Hooper,2021,TE,hooaus001
Mecole Hardman,2021,WR,harmec001
Giovani Bernard,2021,RB,bergio001
Hunter Henry,2021,TE,henhun001
Ben Roethlisberger,2021,QB,roeben001
Rob Gronkowski,2021,TE,grorob001
James White,2021,RB,whijam001
J.D. McKissic,2021,RB,mckjdd001
Daniel Jones,2021,QB,jondan001
Michael Thomas,2021,WR,thomic001
Tua Tagovailoa,2021,QB,tagtua001
Rashaad Penny,2021,RB,penras001
Carlos Hyde,2021,RB,hydcar001
DeVante Parker,2021,WR,pardev001
Malcolm Brown,2021,RB,bromal001
Jared Cook,2021,TE,coojar001
Cole Beasley,2021,WR,beacol001
Derek Carr,2021,QB,carder001
Henry Ruggs III,2021,WR,iiihen001
Blake Jarwin,2021,TE,jarbla001
Sterling Shepard,2021,WR,sheste001
Anthony Firkser,2021,TE,firant001
Ty Johnson,2021,RB,johtyy001
Tevin Coleman,2021,RB,coltev001
Latavius Murray,2021,RB,murlat001
Jalen Reagor,2021,WR,reajal001
Russell Gage,2021,WR,gagrus001
Darrel Williams,2021,RB,wildar001
Emmanuel Sanders,2021,WR,sanemm001
Marlon Mack,2021,RB,macmar001
Sam Darnold,2021,QB,darsam001
Nelson Agholor,2021,WR,aghnel001
Zach Ertz,2021,TE,ertzac001
Jamison Crowder,2021,WR,crojam001
Darrynton Evans,2021,RB,evadar001
Tarik Cohen,2021,RB,cohtar001
Bryan Edwards,2021,WR,edwbry001
Justin Jackson,2021,RB,jacjus001
John Brown,2021,WR,brojoh001
Jameis Winston,2021,QB,winjam001
Carson Wentz,2021,QB,wencar001
Boston Scott,2021,RB,scobos001
Tre'Quan Smith,2021,WR,smitre001
Marquez Valdes-Scantling,2021,WR,valmar001
Teddy Bridgewater,2021,QB,brited001
Tyrell Williams,2021,WR,wiltyr001
Salvon Ahmed,2021,RB,ahmsal001
T.Y. Hilton,2021,WR,hiltyy001
Darius Slayton,2021,WR,sladar001
Adam Trautman,2021,TE,traada001
Jared Goff,2021,QB,gofjar001
Dan Arnold,2021,TE,arndan001
Christian Kirk,2021,WR,kirchr001
Devontae Booker,2021,RB,boodev001
Damien Williams,2021,RB,wildam001
Mark Ingram II,2021,RB,iiimar001
Gabriel Davis,2021,WR,davgab001
Dawson Knox,2021,TE,knodaw001
Parris Campbell,2021,WR,campar001
DeSean Jackson,2021,WR,jacdes001
KJ Hamler,2021,WR,hamkjj001
A.J. Green,2021,WR,greajj001
Allen Lazard,2021,WR,lazall001
Tim Patrick,2021,WR,pattim001
Randall Cobb,2021,WR,cobran001
Sammy Watkins,2021,WR,watsam001
Hayden Hurst,2021,TE,hurhay001
Josh Reynolds,2021,WR,reyjos001
Eric Ebron,2021,TE,ebreri001
Joshua Kelley,2021,RB,keljos001
Van Jefferson,2021,WR,jefvan001
O.J. Howard,2021,TE,howojj001
Hunter Renfrow,2021,WR,renhun001
Jonathan Taylor,2022,RB,tayjon001
Christian McCaffrey,2022,RB,mccchr001
Austin Ekeler,2022,RB,ekeaus001
Justin Jefferson,2022,WR,jefjus001
Dalvin Cook,2022,RB,coodal001
Cooper Kupp,2022,WR,kupcoo001
Derrick Henry,2022,RB,hender001
Ja'Marr Chase,2022,WR,chajam001
Joe Mixon,2022,RB,mixjoe001
Najee Harris,2022,RB,harnaj001
Stefon Diggs,2022,WR,digste001
D'Andre Swift,2022,RB,swidan001
Travis Kelce,2022,TE,keltra001
Alvin Kamara,2022,RB,kamalv001
Davante Adams,2022,WR,adadav001
Saquon Barkley,2022,RB,barsaq001
CeeDee Lamb,2022,WR,lamcee001
Aaron Jones,2022,RB,jonaar001
Leonard Fournette,2022,RB,fouleo001
Nick Chubb,2022,RB,chunic001
Mark Andrews,2022,TE,andmar001
Deebo Samuel,2022,WR,samdee001
Javonte Williams,2022,RB,wiljav001
Mike Evans,2022,WR,evamik001
Tyreek Hill,2022,WR,hiltyr001
A.J. Brown,2022,WR,broajj001
Tee Higgins,2022,WR,higtee001
James Conner,2022,RB,conjam001
Michael Pittman,2022,WR,pitmic001
Keenan Allen,2022,WR,allkee001
Ezekiel Elliott,2022,RB,elleze001
Kyle Pitts,2022,TE,pitkyl001
DJ Moore,2022,WR,moodjj002
Josh Allen,2022,QB,alljos001
Travis Etienne,2022,RB,etitra001
Mike Williams,2022,WR,wilmik001
Courtland Sutton,2022,WR,sutcou001
David Montgomery,2022,RB,mondav001
Diontae Johnson,2022,WR,johdio001
Terry McLaurin,2022,WR,mclter001
Justin Herbert,2022,QB,herjus001
Jaylen Waddle,2022,WR,wadjay001
Cam Akers,2022,RB,akecam001
Brandin Cooks,2022,WR,coobra001
AJ Dillon,2022,RB,dilajj001
Patrick Mahomes,2022,QB,mahpat001
Elijah Mitchell,2022,RB,miteli001
George Kittle,2022,TE,kitgeo001
Allen Robinson,2022,WR,roball001
DK Metcalf,2022,WR,metdkk002
Lamar Jackson,2022,QB,jaclam001
J.K. Dobbins,2022,RB,dobjkk001
Josh Jacobs,2022,RB,jacjos001
Darren Waller,2022,TE,waldar001
Marquise Brown,2022,WR,bromar001
Darnell Mooney,2022,WR,moodar001
Antonio Gibson,2022,RB,gibant001
Kyler Murray,2022,QB,murkyl001
Gabriel Davis,2022,WR,davgab001
Jerry Jeudy,2022,WR,jeujer001
Chase Edmonds,2022,RB,edmcha001
Jalen Hurts,2022,QB,hurjal001
Rashod Bateman,2022,WR,batras001
Dalton Schultz,2022,TE,schdal001
Michael Thomas,2022,WR,thomic001
Chris Godwin,2022,WR,godchr001
Damien Harris,2022,RB,hardam001
Amon-Ra St. Brown,2022,WR,broamo001
Clyde Edwards-Helaire,2022,RB,edwcly001
JuJu Smith-Schuster,2022,WR,smijuj001
Rashaad Penny,2022,RB,penras001
Elijah Moore,2022,WR,mooeli001
Amari Cooper,2022,WR,cooama001
Joe Burrow,2022,QB,burjoe001
Miles Sanders,2022,RB,sanmil001
Kareem Hunt,2022,RB,hunkar001
Rhamondre Stevenson,2022,RB,sterha001
Tony Pollard,2022,RB,polton001
Adam Thielen,2022,WR,thiada001
Dallas Goedert,2022,TE,goedal001
Tom Brady,2022,QB,bratom001
T.J. Hockenson,2022,TE,hoctjj001
Russell Wilson,2022,QB,wilrus001
Devin Singletary,2022,RB,sindev001
Cordarrelle Patterson,2022,RB,patcor001
Brandon Aiyuk,2022,WR,aiybra001
Dak Prescott,2022,QB,predak001
Melvin Gordon,2022,RB,gormel001
DeVonta Smith,2022,WR,smidev002
Allen Lazard,2022,WR,lazall001
Trey Lance,2022,QB,lantre001
Christian Kirk,2022,WR,kirchr001
Hunter Renfrow,2022,WR,renhun001
Zach Ertz,2022,TE,ertzac001
Tyler Lockett,2022,WR,loctyl001
Aaron Rodgers,2022,QB,rodaar001
Matthew Stafford,2022,QB,stamat001
DeAndre Hopkins,2022,WR,hopdea001
Ken Walker,2022,RB,walken001
Robert Woods,2022,WR,woorob001
Dawson Knox,2022,TE,knodaw001
Michael Carter,2022,RB,carmic001
Darrell Henderson,2022,RB,hendar001
Kadarius Toney,2022,WR,tonkad001
Kirk Cousins,2022,QB,coukir001
Cole Kmet,2022,TE,kmecol001
Pat Freiermuth,2022,TE,frepat001
Derek Carr,2022,QB,carder001
Nyheim Hines,2022,RB,hinnyh001
James Robinson,2022,RB,robjam001
Chase Claypool,2022,WR,clacha001
Alexander Mattison,2022,RB,matale001
Kenneth Gainwell,2022,RB,gaiken001
Tyler Boyd,2022,WR,boytyl001
Russell Gage,2022,WR,gagrus001
Jakobi Meyers,2022,WR,meyjak001
Tua Tagovailoa,2022,QB,tagtua001
J.D. McKissic,2022,RB,mckjdd001
Hunter Henry,2022,TE,henhun001
Khalil Herbert,2022,RB,herkha001
Justin Fields,2022,QB,fiejus001
Marquez Valdes-Scantling,2022,WR,valmar001
Jamaal Williams,2022,RB,wiljam002
Raheem Mostert,2022,RB,mosrah001
Irv Smith,2022,TE,smiirv001
Mike Gesicki,2022,TE,gesmik001
DeVante Parker,2022,WR,pardev001
Albert Okwuegbunam,2022,TE,okwalb001
Trevor Lawrence,2022,QB,lawtre001
Jarvis Landry,2022,WR,lanjar001
Michael Gallup,2022,WR,galmic001
Rondale Moore,2022,WR,mooron001
DJ Chark,2022,WR,chadjj001
David Njoku,2022,TE,njodav001
Noah Fant,2022,TE,fannoa001
Julio Jones,2022,WR,jonjul001
Jameis Winston,2022,QB,winjam001
Gerald Everett,2022,TE,eveger001
Kenny Golladay,2022,WR,golken001
Matt Ryan,2022,QB,ryamat001
Robert Tonyan,2022,TE,tonrob001
Tyler Higbee,2022,TE,higtyl001
Nico Collins,2022,WR,colnic001
Ryan Tannehill,2022,QB,tanrya001
Evan Engram,2022,TE,engeva001
Austin Hooper,2022,TE,hooaus001
Joshua Palmer,2022,WR,paljos002
Corey Davis,2022,WR,davcor001
Mark Ingram,2022,RB,ingmar001
Daniel Jones,2022,QB,jondan001
K.J. Osborn,2022,WR,osbkjj001
Robbie Anderson,2022,WR,androb002
Mac Jones,2022,QB,jonmac001
Mecole Hardman,2022,WR,harmec001
Van Jefferson,2022,WR,jefvan001
Hayden Hurst,2022,TE,hurhay001
Marvin Jones,2022,WR,jonmar001
Logan Thomas,2022,TE,tholog001
Darrel Williams,2022,RB,wildar001
Carson Wentz,2022,QB,wencar001
D'Onta Foreman,2022,RB,fordon001
Brian Robinson,2022,RB,robbri001
Gus Edwards,2022,RB,edwgus001
KJ Hamler,2022,WR,hamkjj001
Jared Goff,2022,QB,gofjar001
Isaiah McKenzie,2022,WR,mckisa001
Boston Scott,2022,RB,scobos001
Parris Campbell,2022,WR,campar001
Donovan Peoples-Jones,2022,WR,peodon001
Baker Mayfield,2022,QB,maybak001
Curtis Samuel,2022,WR,samcur001
Zach Wilson,2022,QB,wilzac001
Brevin Jordan,2022,TE,jorbre001
Jamison Crowder,2022,WR,crojam001
Kendrick Bourne,2022,WR,bouken001
Jeff Wilson,2022,RB,wiljef001
Ronald Jones,2022,RB,jonron001
A.J. Green,2022,WR,greajj001
Sterling Shepard,2022,WR,sheste001
Mo Alie-Cox,2022,TE,alimoo001
Samaje Perine,2022,RB,persam001
Davis Mills,2022,QB,mildav001
Jerick McKinnon,2022,RB,mckjer001
Sony Michel,2022,RB,micson001
D'Ernest Johnson,2022,RB,johder001
Damien Williams,2022,RB,wildam001
Zay Jones,2022,WR,jonzay001
Mike Davis,2022,RB,davmik001
Chuba Hubbard,2022,RB,hubchu001
Jonnu Smith,2022,TE,smijon001
Laviska Shenault,2022,WR,shelav001
Marcus Mariota,2022,QB,marmar001
Rex Burkhead,2022,RB,burrex001
Terrace Marshall,2022,WR,marter001
Byron Pringle,2022,WR,pribyr001
Zack Moss,2022,RB,moszac001
Braxton Berrios,2022,WR,berbra001
Randall Cobb,2022,WR,cobran001
Kenyan Drake,2022,RB,draken001
Marlon Mack,2022,RB,macmar001
Bryan Edwards,2022,WR,edwbry001
Sammy Watkins,2022,WR,watsam001
Justin Jefferson,2023,WR,jefjus001
Ja'Marr Chase,2023,WR,chajam001
Christian McCaffrey,2023,RB,mccchr001
Austin Ekeler,2023,RB,ekeaus001
Travis Kelce,2023,TE,keltra001
Cooper Kupp,2023,WR,kupcoo001
Tyreek Hill,2023,WR,hiltyr001
Saquon Barkley,2023,RB,barsaq001
Stefon Diggs,2023,WR,digste001
Nick Chubb,2023,RB,chunic001
CeeDee Lamb,2023,WR,lamcee001
Derrick Henry,2023,RB,hender001
Tony Pollard,2023,RB,polton001
A.J. Brown,2023,WR,broajj001
Davante Adams,2023,WR,adadav001
Amon-Ra St. Brown,2023,WR,broamo001
Garrett Wilson,2023,WR,wilgar001
Josh Jacobs,2023,RB,jacjos001
Jaylen Waddle,2023,WR,wadjay001
Patrick Mahomes,2023,QB,mahpat001
Chris Olave,2023,WR,olachr001
Jalen Hurts,2023,QB,hurjal001
DeVonta Smith,2023,WR,smidev002
Tee Higgins,2023,WR,higtee001
Joe Mixon,2023,RB,mixjoe001
Josh Allen,2023,QB,alljos001
Najee Harris,2023,RB,harnaj001
Travis Etienne,2023,RB,etitra001
DK Metcalf,2023,WR,metdkk002
Rhamondre Stevenson,2023,RB,sterha001
Aaron Jones,2023,RB,jonaar001
Mark Andrews,2023,TE,andmar001
Calvin Ridley,2023,WR,ridcal001
Lamar Jackson,2023,QB,jaclam001
Deebo Samuel,2023,WR,samdee001
Dameon Pierce,2023,RB,piedam001
Amari Cooper,2023,WR,cooama001
Breece Hall,2023,RB,halbre001
Keenan Allen,2023,WR,allkee001
Jonathan Taylor,2023,RB,tayjon001
Kenneth Walker,2023,RB,walken002
Joe Burrow,2023,QB,burjoe001
Miles Sanders,2023,RB,sanmil001
T.J. Hockenson,2023,TE,hoctjj001
DeAndre Hopkins,2023,WR,hopdea001
Alexander Mattison,2023,RB,matale001
Justin Fields,2023,QB,fiejus001
DJ Moore,2023,WR,moodjj002
J.K. Dobbins,2023,RB,dobjkk001
Christian Watson,2023,WR,watchr001
Terry McLaurin,2023,WR,mclter001
Cam Akers,2023,RB,akecam001
Drake London,2023,WR,londra001
Chris Godwin,2023,WR,godchr001
James Conner,2023,RB,conjam001
George Kittle,2023,TE,kitgeo001
Diontae Johnson,2023,WR,johdio001
Justin Herbert,2023,QB,herjus001
Tyler Lockett,2023,WR,loctyl001
James Cook,2023,RB,coojam001
Brandon Aiyuk,2023,WR,aiybra001
Rachaad White,2023,RB,whirac001
Mike Williams,2023,WR,wilmik001
Alvin Kamara,2023,RB,kamalv001
Darren Waller,2023,TE,waldar001
Kyle Pitts,2023,TE,pitkyl001
Mike Evans,2023,WR,evamik001
Javonte Williams,2023,RB,wiljav001
Trevor Lawrence,2023,QB,lawtre001
Dallas Goedert,2023,TE,goedal001
Jerry Jeudy,2023,WR,jeujer001
David Montgomery,2023,RB,mondav001
Marquise Brown,2023,WR,bromar001
Dalvin Cook,2023,RB,coodal001
Michael Pittman,2023,WR,pitmic001
Christian Kirk,2023,WR,kirchr001
Isiah Pacheco,2023,RB,pacisi001
Jahan Dotson,2023,WR,dotjah001
D'Andre Swift,2023,RB,swidan001
George Pickens,2023,WR,picgeo001
Deshaun Watson,2023,QB,watdes001
Khalil Herbert,2023,RB,herkha001
AJ Dillon,2023,RB,dilajj001
Pat Freiermuth,2023,TE,frepat001
Evan Engram,2023,TE,engeva001
Antonio Gibson,2023,RB,gibant001
Brandin Cooks,2023,WR,coobra001
Dak Prescott,2023,QB,predak001
Brian Robinson,2023,RB,robbri001
David Njoku,2023,TE,njodav001
Gabe Davis,2023,WR,davgab002
Courtland Sutton,2023,WR,sutcou001
Tua Tagovailoa,2023,QB,tagtua001
Jamaal Williams,2023,RB,wiljam002
Michael Thomas,2023,WR,thomic001
Samaje Perine,2023,RB,persam001
Treylon Burks,2023,WR,burtre001
JuJu Smith-Schuster,2023,WR,smijuj001
Skyy Moore,2023,WR,moosky001
Kirk Cousins,2023,QB,coukir001
Rashaad Penny,2023,RB,penras001
Daniel Jones,2023,QB,jondan001
Elijah Moore,2023,WR,mooeli001
Aaron Rodgers,2023,QB,rodaar001
Odell Beckham,2023,WR,becode001
Jerick McKinnon,2023,RB,mckjer001
Cole Kmet,2023,TE,kmecol001
Geno Smith,2023,QB,smigen001
Elijah Mitchell,2023,RB,miteli001
Kadarius Toney,2023,WR,tonkad001
Dalton Schultz,2023,TE,schdal001
Jakobi Meyers,2023,WR,meyjak001
Tyler Allgeier,2023,RB,alltyl001
Adam Thielen,2023,WR,thiada001
Ezekiel Elliott,2023,RB,elleze001
Nico Collins,2023,WR,colnic001
Chigoziem Okonkwo,2023,TE,okochi001
Tyler Higbee,2023,TE,higtyl001
Rashod Bateman,2023,WR,batras001
Jaylen Warren,2023,RB,warjay001
Jeff Wilson,2023,RB,wiljef001
Damien Harris,2023,RB,hardam001
Tyler Boyd,2023,WR,boytyl001
Darnell Mooney,2023,WR,moodar001
Raheem Mostert,2023,RB,mosrah001
Allen Lazard,2023,WR,lazall001
Kenneth Gainwell,2023,RB,gaiken001
Michael Gallup,2023,WR,galmic001
Russell Wilson,2023,QB,wilrus001
Devin Singletary,2023,RB,sindev001
Gerald Everett,2023,TE,eveger001
DJ Chark,2023,WR,chadjj001
Sam LaPorta,2023,TE,lapsam002
Jared Goff,2023,QB,gofjar001
D'Onta Foreman,2023,RB,fordon001
Romeo Doubs,2023,WR,dourom001
Rondale Moore,2023,WR,mooron001
Jameson Williams,2023,WR,wiljam001
Zay Jones,2023,WR,jonzay001
Greg Dulcich,2023,TE,dulgre001
K.J. Osborn,2023,WR,osbkjj001
Juwan Johnson,2023,TE,johjuw001
Gus Edwards,2023,RB,edwgus001
Kenny Pickett,2023,QB,picken001
Matthew Stafford,2023,QB,stamat001
Clyde Edwards-Helaire,2023,RB,edwcly001
Kyren Williams,2023,RB,wilkyr001
Brock Purdy,2023,QB,purbro001
Van Jefferson,2023,WR,jefvan001
Chuba Hubbard,2023,RB,hubchu001
Curtis Samuel,2023,WR,samcur001
Hunter Renfrow,2023,WR,renhun001
Alec Pierce,2023,WR,pieale001
Derek Carr,2023,QB,carder001
Jerome Ford,2023,RB,forjer001
Ty Chandler,2023,RB,chatyy001
Isaiah Hodgins,2023,WR,hodisa001
Zamir White,2023,RB,whizam001
Jelani Woods,2023,TE,woojel001
Donovan Peoples-Jones,2023,WR,peodon001
Rashid Shaheed,2023,WR,sharas001
Parris Campbell,2023,WR,campar001
Zach Ertz,2023,TE,ertzac001
DeVante Parker,2023,WR,pardev001
Hunter Henry,2023,TE,henhun001
Marquez Valdes-Scantling,2023,WR,valmar001
Irv Smith,2023,TE,smiirv001
Cordarrelle Patterson,2023,RB,patcor001
Jake Ferguson,2023,TE,ferjak001
Kyler Murray,2023,QB,murkyl001
Joshua Kelley,2023,RB,keljos001
Allen Robinson,2023,WR,roball001
Dawson Knox,2023,TE,knodaw001
Sam Howell,2023,QB,howsam001
Chase Claypool,2023,WR,clacha001
Kareem Hunt,2023,RB,hunkar001
Jimmy Garoppolo,2023,QB,garjim001
Jordan Love,2023,QB,lovjor001
Hayden Hurst,2023,TE,hurhay001
Darius Slayton,2023,WR,sladar001
Cade Otton,2023,TE,ottcad001
Joshua Palmer,2023,WR,paljos002
Mike Gesicki,2023,TE,gesmik001
Wan'Dale Robinson,2023,WR,robwan001
Robert Woods,2023,WR,woorob001
Ryan Tannehill,2023,QB,tanrya001
Tyquan Thornton,2023,WR,thotyq001
Mecole Hardman,2023,WR,harmec001
Taysom Hill,2023,TE,hiltay001
Chase Edmonds,2023,RB,edmcha001
Terrace Marshall,2023,WR,marter001
Mac Jones,2023,QB,jonmac001
Michael Carter,2023,RB,carmic001
Trey McBride,2023,TE,mcbtre002
Desmond Ridder,2023,QB,riddes001
John Metchie,2023,WR,metjoh001
Noah Fant,2023,TE,fannoa001
Richie James,2023,WR,jamric001
Christian McCaffrey,2024,RB,mccchr001
CeeDee Lamb,2024,WR,lamcee001
Tyreek Hill,2024,WR,hiltyr001
Bijan Robinson,2024,RB,robbij001
Breece Hall,2024,RB,halbre001
Ja'Marr Chase,2024,WR,chajam001
Justin Jefferson,2024,WR,jefjus001
Amon-Ra St. Brown,2024,WR,broamo001
A.J. Brown,2024,WR,broajj001
Jonathan Taylor,2024,RB,tayjon001
Garrett Wilson,2024,WR,wilgar001
Saquon Barkley,2024,RB,barsaq001
Jahmyr Gibbs,2024,RB,gibjah001
Puka Nacua,2024,WR,nacpuk001
Kyren Williams,2024,RB,wilkyr001
Marvin Harrison,2024,WR,harmar001
Derrick Henry,2024,RB,hender001
Travis Etienne,2024,RB,etitra001
Isiah Pacheco,2024,RB,pacisi001
Drake London,2024,WR,londra001
Davante Adams,2024,WR,adadav001
Chris Olave,2024,WR,olachr001
Mike Evans,2024,WR,evamik001
Nico Collins,2024,WR,colnic001
Josh Allen,2024,QB,alljos001
Deebo Samuel,2024,WR,samdee001
Brandon Aiyuk,2024,WR,aiybra001
Josh Jacobs,2024,RB,jacjos001
De'Von Achane,2024,RB,achdev001
Travis Kelce,2024,TE,keltra001
Sam LaPorta,2024,TE,lapsam002
Michael Pittman,2024,WR,pitmic001
DJ Moore,2024,WR,moodjj002
Jalen Hurts,2024,QB,hurjal001
DK Metcalf,2024,WR,metdkk002
Rachaad White,2024,RB,whirac001
Cooper Kupp,2024,WR,kupcoo001
James Cook,2024,RB,coojam001
Jaylen Waddle,2024,WR,wadjay001
Patrick Mahomes,2024,QB,mahpat001
Joe Mixon,2024,RB,mixjoe001
Lamar Jackson,2024,QB,jaclam001
Stefon Diggs,2024,WR,digste001
DeVonta Smith,2024,WR,smidev002
Kenneth Walker,2024,RB,walken002
Alvin Kamara,2024,RB,kamalv001
Mark Andrews,2024,TE,andmar001
Trey McBride,2024,TE,mcbtre002
Zay Flowers,2024,WR,flozay001
C.J. Stroud,2024,QB,strcjj001
Anthony Richardson,2024,QB,ricant001
Tank Dell,2024,WR,deltan001
Amari Cooper,2024,WR,cooama001
Tee Higgins,2024,WR,higtee001
George Pickens,2024,WR,picgeo001
Aaron Jones,2024,RB,jonaar001
Rashee Rice,2024,WR,ricras001
James Conner,2024,RB,conjam001
Terry McLaurin,2024,WR,mclter001
Rhamondre Stevenson,2024,RB,sterha001
Dalton Kincaid,2024,TE,kindal001
Joe Burrow,2024,QB,burjoe001
Calvin Ridley,2024,WR,ridcal001
George Kittle,2024,TE,kitgeo001
David Montgomery,2024,RB,mondav001
D'Andre Swift,2024,RB,swidan001
Chris Godwin,2024,WR,godchr001
Dak Prescott,2024,QB,predak001
Kyle Pitts,2024,TE,pitkyl001
Keenan Allen,2024,WR,allkee001
Zamir White,2024,RB,whizam001
Kyler Murray,2024,QB,murkyl001
Najee Harris,2024,RB,harnaj001
Christian Kirk,2024,WR,kirchr001
Evan Engram,2024,TE,engeva001
Diontae Johnson,2024,WR,johdio001
Jayden Reed,2024,WR,reejay001
Raheem Mostert,2024,RB,mosrah001
Jordan Love,2024,QB,lovjor001
Javonte Williams,2024,RB,wiljav001
Tony Pollard,2024,RB,polton001
Jaylen Warren,2024,RB,warjay001
Brian Robinson,2024,RB,robbri001
Jaxon Smith-Njigba,2024,WR,smijax001
Jordan Addison,2024,WR,addjor001
Christian Watson,2024,WR,watchr001
Brock Purdy,2024,QB,purbro001
Devin Singletary,2024,RB,sindev001
Jake Ferguson,2024,TE,ferjak001
Tyjae Spears,2024,RB,spetyj001
David Njoku,2024,TE,njodav001
Austin Ekeler,2024,RB,ekeaus001
Courtland Sutton,2024,WR,sutcou001
Zack Moss,2024,RB,moszac001
Ladd McConkey,2024,WR,mcclad002
Marquise Brown,2024,WR,bromar001
DeAndre Hopkins,2024,WR,hopdea001
Chase Brown,2024,RB,brocha001
Nick Chubb,2024,RB,chunic001
Gus Edwards,2024,RB,edwgus001
Dallas Goedert,2024,TE,goedal001
Ezekiel Elliott,2024,RB,elleze001
Jerome Ford,2024,RB,forjer001
Tyler Lockett,2024,WR,loctyl001
Jameson Williams,2024,WR,wiljam001
Jakobi Meyers,2024,WR,meyjak001
Khalil Shakir,2024,WR,shakha001
Trevor Lawrence,2024,QB,lawtre001
Chuba Hubbard,2024,RB,hubchu001
Justin Herbert,2024,QB,herjus001
Zach Charbonnet,2024,RB,chazac001
Jared Goff,2024,QB,gofjar001
Curtis Samuel,2024,WR,samcur001
Tua Tagovailoa,2024,QB,tagtua001
Mike Williams,2024,WR,wilmik001
Dalton Schultz,2024,TE,schdal001
J.K. Dobbins,2024,RB,dobjkk001
Romeo Doubs,2024,WR,dourom001
Rashid Shaheed,2024,WR,sharas001
Pat Freiermuth,2024,TE,frepat001
T.J. Hockenson,2024,TE,hoctjj001
Kirk Cousins,2024,QB,coukir001
Joshua Palmer,2024,WR,paljos002
Aaron Rodgers,2024,QB,rodaar001
Rico Dowdle,2024,RB,dowric001
Ty Chandler,2024,RB,chatyy001
Gabe Davis,2024,WR,davgab002
Tyler Allgeier,2024,RB,alltyl001
Jerry Jeudy,2024,WR,jeujer001
Jaleel McLaughlin,2024,RB,mcljal001
Brandin Cooks,2024,WR,coobra001
Dontayvion Wicks,2024,WR,wicdon001
Deshaun Watson,2024,QB,watdes001
Cole Kmet,2024,TE,kmecol001
Matthew Stafford,2024,QB,stamat001
Adam Thielen,2024,WR,thiada001
Luke Musgrave,2024,TE,musluk001
Antonio Gibson,2024,RB,gibant001
Josh Downs,2024,WR,dowjos001
Taysom Hill,2024,TE,hiltay001
Darnell Mooney,2024,WR,moodar001
Khalil Herbert,2024,RB,herkha001
DeMario Douglas,2024,WR,doudem002
MarShawn Lloyd,2024,RB,llomar002
Michael Wilson,2024,WR,wilmic001
Tyler Conklin,2024,TE,contyl001
Baker Mayfield,2024,QB,maybak001
Hunter Henry,2024,TE,henhun001
Tyrone Tracy,2024,RB,tratyr001
Geno Smith,2024,QB,smigen001
Rashod Bateman,2024,WR,batras001
Cade Otton,2024,TE,ottcad001
Will Levis,2024,QB,levwil001
Noah Fant,2024,TE,fannoa001
Jordan Mason,2024,RB,masjor001
Chigoziem Okonkwo,2024,TE,okochi001
Demarcus Robinson,2024,WR,robdem001
Kendre Miller,2024,RB,milken001
Quentin Johnston,2024,WR,johque001
Jahan Dotson,2024,WR,dotjah001
Wan'Dale Robinson,2024,WR,robwan001
Marvin Mims,2024,WR,mimmar001
Isaiah Likely,2024,TE,likisa001
Daniel Jones,2024,QB,jondan001
Dameon Pierce,2024,RB,piedam001
Jalen McMillan,2024,WR,mcmjal002
Bryce Young,2024,QB,youbry001
Tank Bigsby,2024,RB,bigtan001
Juwan Johnson,2024,TE,johjuw001
Andrei Iosivas,2024,WR,iosand001
Roschon Johnson,2024,RB,johros001
Darius Slayton,2024,WR,sladar001
Derek Carr,2024,QB,carder001
Jonnu Smith,2024,TE,smijon001
Kendrick Bourne,2024,WR,bouken001
Alexander Mattison,2024,RB,matale001
Tyler Boyd,2024,WR,boytyl001
Jalin Hyatt,2024,WR,hyajal001
Clyde Edwards-Helaire,2024,RB,edwcly001
Kenneth Gainwell,2024,RB,gaiken001
DJ Chark,2024,WR,chadjj001
Miles Sanders,2024,RB,sanmil001
Sam Darnold,2024,QB,darsam001
Jamaal Williams,2024,RB,wiljam002
Justice Hill,2024,RB,hiljus001
Mike Gesicki,2024,TE,gesmik001
Elijah Moore,2024,WR,mooeli001
Trey Sermon,2024,RB,sertre001
Tucker Kraft,2024,TE,kratuc001
Zach Ertz,2024,TE,ertzac001
Justin Fields,2024,QB,fiejus001
Russell Wilson,2024,QB,wilrus001
Gardner Minshew,2024,QB,mingar001
Keaton Mitchell,2024,RB,mitkea001
Michael Mayer,2024,TE,maymic001
Jonathan Taylor*+,2021,RB,tayjon002
Cooper Kupp*+,2021,WR,kupcoo002
Deebo Samuel*+,2021,WR,samdee002
Justin Herbert*,2021,QB,herjus002
Tom Brady*,2021,QB,bratom002
Ja'Marr Chase*,2021,WR,chajam002
Mark Andrews*+,2021,TE,andmar002
Justin Jefferson*,2021,WR,jefjus002
Joe Mixon*,2021,RB,mixjoe002
Davante Adams*+,2021,WR,adadav002
Patrick Mahomes*,2021,QB,mahpat002
Najee Harris*,2021,RB,harnaj002
Travis Kelce*,2021,TE,keltra002
James Conner*,2021,RB,conjam002
Mike Evans*,2021,WR,evamik002
Aaron Rodgers*+,2021,QB,rodaar002
Tyreek Hill*,2021,WR,hiltyr002
Stefon Diggs*,2021,WR,digste002
Nick Chubb*,2021,RB,chunic002
Diontae Johnson*,2021,WR,johdio002
Alvin Kamara*,2021,RB,kamalv002
Dalton Schultz,2021,TE,schdal001
Cordarrelle Patterson,2021,RB,patcor001
George Kittle*,2021,TE,kitgeo002
Hunter Renfrow*,2021,WR,renhun002
Kyler Murray*,2021,QB,murkyl002
Kirk Cousins*,2021,QB,coukir002
CeeDee Lamb*,2021,WR,lamcee002
Keenan Allen*,2021,WR,allkee002
Dalvin Cook*,2021,RB,coodal002
Taysom Hill,2021,TE,hiltay001
Melvin Gordon,2021,RB,gormel001
Kyle Pitts*,2021,TE,pitkyl002
Kendrick Bourne,2021,WR,bouken001
Russell Wilson*,2021,QB,wilrus002
Lamar Jackson*,2021,QB,jaclam002
Jimmy Garoppolo,2021,QB,garjim001
Mac Jones*,2021,QB,jonmac002
Taylor Heinicke,2021,QB,heitay001
Devonta Freeman,2021,RB,fredev001
K.J. Osborn,2021,WR,osbkjj001
Marvin Jones,2021,WR,jonmar001
Cedrick Wilson Jr.,2021,WR,jrrced001
Trevor Siemian,2021,QB,sietre001
Robbie Chosen,2021,WR,chorob001
Cam Newton,2021,QB,newcam001
D'Onta Foreman,2021,RB,fordon001
D'Ernest Johnson,2021,RB,johder001
Byron Pringle,2021,WR,pribyr001
Andy Dalton,2021,QB,daland001
Kalif Raymond,2021,WR,raykal001
Brandon Bolden,2021,RB,bolbra001
Tyler Huntley,2021,QB,huntyl001
Mark Ingram,2021,RB,ingmar001
Tyrod Taylor,2021,QB,taytyr001
Rex Burkhead,2021,RB,burrex001
C.J. Uzomah,2021,TE,uzocjj001
Tyler Conklin,2021,TE,contyl001
Deonte Harty,2021,WR,hardeo001
Donovan Peoples-Jones,2021,WR,peodon001
Braxton Berrios+,2021,WR,berbra002
Quez Watkins,2021,WR,watque001
Jacoby Brissett,2021,QB,brijac001
David Njoku,2021,TE,njodav001
Nick Westbrook-Ikhine,2021,WR,wesnic001
Jalen Guyton,2021,WR,guyjal001
DeAndre Carter,2021,WR,cardea001
Freddie Swain,2021,WR,swafre001
Jordan Howard,2021,RB,howjor001
Alex Collins,2021,RB,colale001
Zay Jones,2021,WR,jonzay001
Olamide Zaccheaus,2021,WR,zacola001
Jauan Jennings,2021,WR,jenjau001
Zach Pascal,2021,WR,paszac001
Mo Alie-Cox,2021,TE,alimoo001
Samaje Perine,2021,RB,persam001
Duke Johnson,2021,RB,johduk001
Foster Moreau,2021,TE,morfos001
Dontrell Hilliard,2021,RB,hildon001
Geno Smith,2021,QB,smigen001
Ameer Abdullah,2021,RB,abdame001
Jamal Agnew,2021,WR,agnjam001
Keelan Cole,2021,WR,colkee001
Drew Lock,2021,QB,locdre001
Jack Doyle,2021,TE,doyjac001
Devin Duvernay*+,2021,WR,duvdev001
Cameron Brate,2021,TE,bracam001
Allen Robinson,2021,WR,roball001
Laquon Treadwell,2021,WR,trelaq001
Derrick Gore,2021,RB,gorder001
Mack Hollins,2021,WR,holmac001
Travis Homer,2021,RB,homtra001
Josh Johnson,2021,QB,johjos001
Jeremy McNichols,2021,RB,mcnjer001
Jaret Patterson,2021,RB,patjar001
Danny Amendola,2021,WR,amedan001
Anthony Firkser,2021,RB,firant001
Jeff Wilson,2021,RB,wiljef001
Kyle Juszczyk*,2021,RB,juskyl001
Demarcus Robinson,2021,WR,robdem001
Mike White,2021,QB,whimik001
Chris Conley,2021,WR,conchr001
Albert Okwuegbunam,2021,TE,okwalb001
James Washington,2021,WR,wasjam001
Dan Arnold,2021,WR,arndan001
Harrison Bryant,2021,TE,bryhar001
Colt McCoy,2021,QB,mcccol001
Peyton Barber,2021,RB,barpey001
Juwan Johnson,2021,TE,johjuw001
Damiere Byrd,2021,WR,byrdam001
DeeJay Dallas,2021,RB,daldee001
Ashton Dulin,2021,WR,dulash001
Donald Parham,2021,TE,pardon001
Ricky Seals-Jones,2021,TE,searic001
Geoff Swaim,2021,TE,swageo001
Antoine Wesley,2021,WR,wesant001
Ryan Griffin,2021,TE,grirya001
Adam Humphries,2021,WR,humada001
Josiah Deguara,2021,TE,degjos001
Marquise Goodwin,2021,WR,goomar001
Jimmy Graham,2021,TE,grajim001
Lil'Jordan Humphrey,2021,WR,humlil001
Dare Ogunbowale,2021,RB,ogudar001
Matt Breida,2021,RB,bremat001
Tyler Johnson,2021,WR,johtyl001
Durham Smythe,2021,TE,smydur001
Cyril Grayson,2021,WR,gracyr001
Chris Moore,2021,WR,moochr001
MyCole Pruitt,2021,TE,prumyc001
Chester Rogers,2021,WR,rogche001
Quintez Cephus,2021,WR,cepqui001
Rashard Higgins,2021,WR,higras001
Gardner Minshew II,2021,QB,iiigar001
Kyle Rudolph,2021,TE,rudkyl001
Cam Sims,2021,WR,simcam001
Le'Veon Bell,2021,RB,bellev001
Isaiah McKenzie,2021,WR,mckisa001
Malik Turner,2021,WR,turmal001
Ke'Shawn Vaughn,2021,RB,vaukes001
Ty'Son Williams,2021,RB,wiltys001
Mike Glennon,2021,QB,glemik001
Brandon Zylstra,2021,WR,zylbra001
John Ross,2021,WR,rosjoh001
Will Dissly,2021,TE,diswil001
Jakeem Grant*,2021,WR,grajak001
Case Keenum,2021,QB,keecas001
Isaiah Ford,2021,WR,forisa001
Craig Reynolds,2021,RB,reycra001
Greg Ward,2021,WR,wargre001
Tavon Austin,2021,WR,austav001
DJ Chark,2021,WR,chadjj001
Jamycal Hasty,2021,RB,hasjam001
Ray-Ray McCloud,2021,WR,mccray001
Elijhaa Penny,2021,RB,peneli001
James O'Shaughnessy,2021,TE,oshjam001
Royce Freeman,2021,RB,freroy001
Maxx Williams,2021,TE,wilmax001
Tim Boyle,2021,QB,boytim001
Joe Flacco,2021,QB,flajoe001
Kendall Hinton,2021,WR,hinken001
Cooper Rush,2021,QB,ruscoo001
Brock Wright,2021,TE,wribro001
Stephen Anderson,2021,TE,andste001
Corey Clement,2021,RB,clecor001
Tyler Kroft,2021,TE,krotyl001
Jerick McKinnon,2021,RB,mckjer001
Adrian Peterson,2021,RB,petadr001
Tajae Sharpe,2021,WR,shataj001
Albert Wilson,2021,WR,wilalb001
Eno Benjamin,2021,RB,beneno001
Breshad Perriman,2021,WR,perbre001
Marcedes Lewis,2021,TE,lewmar001
Jordan Love,2021,QB,lovjor001
Godwin Igwebuike,2021,RB,igwgod001
James Proche,2021,WR,projam001
Ian Thomas,2021,TE,thoian001
Nick Vannett,2021,TE,vannic001
Jordan Akins,2021,TE,akijor001
Noah Brown,2021,WR,bronoa001
KhaDarel Hodge,2021,WR,hodkha001
Mason Rudolph,2021,QB,rudmas001
Mohamed Sanu,2021,WR,sanmoh001
Nick Foles,2021,QB,folnic001
Jody Fortson,2021,TE,forjod001
Zach Gentry,2021,TE,genzac001
Tony Jones,2021,RB,jonton001
Austin Walter,2021,RB,walaus001
Jonathan Williams,2021,RB,wiljon001
C.J. Ham,2021,RB,hamcjj001
N'Keal Harry,2021,WR,harnke001
Marcus Johnson,2021,WR,johmar001
Qadree Ollison,2021,RB,ollqad001
Kristian Wilkerson,2021,WR,wilkri001
Pharaoh Brown,2021,TE,bropha001
Alec Ingold,2021,RB,ingale001
Marcus Mariota,2021,QB,marmar001
Dante Pettis,2021,WR,petdan001
Trent Sherfield,2021,WR,shetre001
J.J. Taylor,2021,RB,tayjjj001
Patrick Taylor,2021,RB,taypat001
Brandon Allen,2021,QB,allbra002
Jesper Horsted,2021,TE,horjes001
Scott Miller,2021,WR,milsco001
Ty Montgomery,2021,WR,montyy001
P.J. Walker,2021,QB,walpjj001
Wayne Gallman,2021,RB,galway001
Chris Manhertz,2021,TE,manchr001
Sean Mannion,2021,QB,mansea001
Denzel Mims,2021,WR,mimden001
Patrick Ricard*,2021,RB,ricpat001
Lee Smith,2021,TE,smilee001
Kenny Stills,2021,WR,stiken001
Michael Burton,2021,RB,burmic001
Jacob Hollister,2021,TE,holjac001
Brian Hoyer,2021,QB,hoybri001
Jesse James,2021,TE,jamjes001
Tom Kennedy,2021,WR,kentom001
Antony Auclair,2021,TE,aucant001
Phillip Dorsett,2021,WR,dorphi001
Ross Dwelley,2021,TE,dweros001
Jake Fromm,2021,QB,frojak001
Collin Johnson,2021,WR,johcol001
Jalen Richard,2021,RB,ricjal001
Eric Saubert,2021,TE,saueri001
Adam Shaheen,2021,TE,shaada001
Jeff Smith,2021,WR,smijef001
Benny Snell Jr.,2021,RB,jrrben001
Equanimeous St. Brown,2021,WR,broequ001
Ryquell Armstead,2021,RB,armryq001
Blake Bell,2021,TE,belbla001
Trinity Benson,2021,WR,bentri001
Chris Herndon,2021,TE,herchr001
Chris Hogan,2021,WR,hogchr001
Nick Mullens,2021,QB,mulnic001
Tommy Sweeney,2021,TE,swetom001
Auden Tate,2021,WR,tataud001
Cameron Batson,2021,WR,batcam001
Josh Gordon,2021,WR,gorjos001
JaQuan Hardy,2021,RB,harjaq001
Deon Jackson,2021,RB,jacdeo001
Andy Janovich,2021,RB,janand001
Sean McKeon,2021,TE,mcksea001
Anthony Miller,2021,WR,milant001
Keith Smith,2021,RB,smikei001
Kyle Allen,2021,QB,allkyl001
Alex Armah,2021,RB,armale001
Garrett Gilbert,2021,QB,gilgar001
Tyree Jackson,2021,TE,jactyr001
Chris Myarick,2021,RB,myachr001
Dezmon Patmon,2021,WR,patdez001
Drew Sample,2021,TE,samdre001
Mitchell Trubisky,2021,QB,trumit001
Preston Williams,2021,WR,wilpre001
Josh Oliver,2021,TE,olijos001
Andre Roberts,2021,WR,roband001
Johnny Stanton,2021,RB,stajoh001
Jonathan Ward,2021,RB,warjon001
Dede Westbrook,2021,WR,wesded001
C.J. Board,2021,WR,boacjj001
Mike Boone,2021,RB,boomik001
Ja'Marcus Bradley,2021,WR,brajam001
Alex Erickson,2021,WR,eriale001
Penny Hart,2021,WR,harpen001
Jason Moore,2021,WR,moojas001
Brandon Powell,2021,WR,powbra001
Ito Smith,2021,RB,smiito001
Trayveon Williams,2021,RB,wiltra001
Will Fuller,2021,WR,fulwil001
Jason Huntley,2021,RB,hunjas001
Tre' McKitty,2021,TE,mcktre002
Wendell Smallwood,2021,RB,smawen001
Rodney Smith,2021,RB,smirod001
Mike Thomas,2021,WR,thomik001
Charlie Woerner,2021,TE,woecha001
JJ Arcega-Whiteside,2021,WR,arcjjj001
Kalen Ballage,2021,RB,balkal001
Kendall Blanton,2021,TE,blaken001
Pharoh Cooper,2021,WR,coopha001
Tyler Davis,2021,TE,davtyl001
Greg Dortch,2021,WR,dorgre001
Darren Fells,2021,TE,feldar001
Garrett Griffin,2021,TE,grigar001
Parker Hesse,2021,TE,hespar001
Jakob Johnson,2021,RB,johjak001
D.J. Montgomery,2021,WR,mondjj001
Gunner Olszewski,2021,WR,olsgun001
Willie Snead,2021,WR,snewil001
Trent Taylor,2021,WR,taytre001
Trevon Wesco,2021,TE,westre001
Kevin White,2021,WR,whikev001
Juwann Winfree,2021,WR,winjuw001
Kenny Yeboah,2021,TE,yebken001
Christian Blake,2021,WR,blachr001
Daniel Brown,2021,WR,brodan001
Dominique Dafney,2021,TE,dafdom001
Reggie Gilliam,2021,RB,gilreg001
Chad Henne,2021,QB,hencha001
Cody Hollister,2021,WR,holcod001
Tommy Hudson,2021,TE,hudtom001
Trenton Irwin,2021,WR,irwtre001
Jake Kumerow,2021,WR,kumjak001
Gabe Nabers,2021,RB,nabgab001
Colby Parkinson,2021,TE,parcol001
La'Mical Perine,2021,RB,perlam001
Kaden Smith,2021,TE,smikad001
Jeremy Sprinkle,2021,TE,sprjer001
Dwayne Washington,2021,RB,wasdwa001
Cody White,2021,WR,whicod001
Shane Zylstra,2021,TE,zylsha001
Nick Bawden,2021,RB,bawnic001
C.J. Beathard,2021,QB,beacjj001
Reggie Bonnafon,2021,RB,bonreg001
Cethan Carter,2021,TE,carcet001
Davion Davis,2021,WR,davdav001
Blaine Gabbert,2021,QB,gabbla001
Tyron Johnson,2021,WR,johtyr001
Marcus Kemp,2021,WR,kemmar001
Keith Kirkwood,2021,WR,kirkei001
Patrick Laird,2021,RB,laipat001
Scottie Phillips,2021,RB,phisco001
Adam Prentice,2021,RB,preada001
Trey Ragas,2021,RB,ragtre001
Jaylen Samuels,2021,RB,samjay001
David Sills,2021,WR,sildav001
Jack Stoll,2021,TE,stojac001
Chris Streveler,2021,QB,strchr001
Derek Watt,2021,RB,watder001
Mitchell Wilcox,2021,TE,wilmit001
Cam Akers,2021,RB,akecam001
Tarik Black,2021,WR,blatar001
David Blough,2021,QB,blodav001
Miles Boykin,2021,WR,boymil001
Derek Carrier,2021,TE,carder002
Keke Coutee,2021,WR,coukek001
Damarea Crockett,2021,RB,crodam001
Marvin Hall,2021,WR,halmar001
Demetrius Harris,2021,TE,hardem001
Brycen Hopkins,2021,TE,hopbry001
Buddy Howell,2021,RB,howbud001
Andy Isabella,2021,WR,isaand001
John Kelly,2021,RB,keljoh001
Tommylee Lewis,2021,WR,lewtom001
Anthony McFarland Jr.,2021,RB,jrrant001
Kirk Merritt,2021,WR,merkir001
Jaydon Mickens,2021,WR,micjay001
Stanley Morgan Jr.,2021,WR,jrrsta001
Johnny Mundt,2021,TE,munjoh001
Ryan Nall,2021,RB,nalrya001
Jacques Patrick,2021,RB,patjac001
Kevin Rader,2021,TE,radkev001
Richard Rodgers,2021,TE,rodric001
Mekhi Sargent,2021,RB,sarmek001
C.J. Saunders,2021,WR,saucjj001
Luke Stocker,2021,TE,stoluk001
Eric Tomlinson,2021,TE,tomeri001
Easop Winston,2021,WR,wineas001
Ethan Wolf,2021,TE,woleth001
Josh Adams,2021,RB,adajos001
Rodney Adams,2021,WR,adarod001
Landen Akers,2021,WR,akelan001
Geronimo Allison,2021,WR,allger001
Devin Asiasi,2021,TE,asidev001
Marcell Ateman,2021,WR,atemar001
Alex Bachman,2021,WR,bacale001
Michael Bandy,2021,WR,banmic001
Jake Bargas,2021,RB,barjak001
Kenjon Barner,2021,RB,barken001
Andrew Beck,2021,TE,becand001
Nick Bellore,2021,RB,belnic001
Kurt Benkert,2021,QB,benkur001
Nick Bowers,2021,TE,bownic001
Nick Boyle,2021,TE,boynic001
Darius Bradwell,2021,RB,bradar001
Spencer Brown,2021,RB,brospe001
Ian Bunting,2021,TE,bunian001
Deante Burton,2021,WR,burdea001
Matt Bushman,2021,TE,busmat001
Lawrence Cager,2021,TE,caglaw001
Tory Carter,2021,RB,cartor001
Dan Chisena,2021,WR,chidan001
Tyrie Cleveland,2021,WR,cletyr001
Matt Cole,2021,WR,colmat001
Jeff Cotton,2021,WR,cotjef001
Nathan Cottrell,2021,RB,cotnat001
Isaiah Coulter,2021,WR,couisa001
River Cracraft,2021,WR,crariv001
Chase Daniel,2021,QB,dancha001
Darrell Daniels,2021,TE,dandar001
Brandon Dillon,2021,TE,dilbra001
Jeff Driskel,2021,QB,drijef001
Trey Edmunds,2021,RB,edmtre001
Ben Ellefson,2021,TE,ellben001
Tavien Feaster,2021,RB,featav001
Maurice Ffrench,2021,WR,ffrmau001
Miller Forristall,2021,TE,formil001
Joe Fortunato,2021,WR,forjoe001
Daurice Fountain,2021,WR,foudau001
Jordan Franks,2021,TE,frajor001
Travis Fulgham,2021,WR,fultra001
Aaron Fuller,2021,WR,fulaar001
Antonio Gandy-Golden,2021,WR,ganant001
Cullen Gillaspia,2021,RB,gilcul001
Nakia Griffin-Stewart,2021,TE,grinak001
Josh Hammond,2021,WR,hamjos001
DeMichael Harris,2021,WR,hardem002
Jacob Harris,2021,TE,harjac001
Daniel Helm,2021,TE,heldan001
Temarrick Hemingway,2021,TE,hemtem001
John Hightower,2021,WR,higjoh001
Brian Hill,2021,RB,hilbri001
Isaiah Hodgins,2021,WR,hodisa001
Kevin Hogan,2021,QB,hogkev001
J.P. Holtz,2021,TE,holjpp001
Tanner Hudson,2021,TE,hudtan001
Ryan Izzo,2021,TE,izzrya001
Josh Johnson,2021,RB,johjos001
Kerryon Johnson,2021,RB,johker001
Taiwan Jones,2021,RB,jontai001
Hunter Kampmoyer,2021,TE,kamhun001
Mason Kinsey,2021,WR,kinmas001
Matt LaCosse,2021,TE,lacmat001
Tyler Mabry,2021,TE,mabtyl001
Jordan Matthews,2021,WR,matjor001
Nate McCrary,2021,RB,mccnat001
Codey McElroy,2021,TE,mcecod001
Myron Mitchell,2021,WR,mitmyr001
David Moore,2021,WR,moodav001
Jojo Natson,2021,WR,natjoj001
Devine Ozigbo,2021,RB,ozidev001
Aaron Parker,2021,WR,paraar001
Nathan Peterman,2021,QB,petnat001
Artavis Pierce,2021,RB,pieart001
Jared Pinkney,2021,TE,pinjar001
Tony Poljan,2021,TE,polton002
Paul Quessenberry,2021,TE,quepau001
Nick Ralston,2021,RB,ralnic001
Sammis Reyes,2021,TE,reysam001
Giovanni Ricci,2021,RB,ricgio001
Brett Rypien,2021,QB,rypbre001
Jordan Scarlett,2021,RB,scajor001
Mason Schreck,2021,TE,schmas001
Steven Sims,2021,WR,simste001
Matthew Slater*,2021,WR,slamat001
Devin Smith,2021,WR,smidev003
Sutton Smith,2021,RB,smisut001
Vyncint Smith,2021,WR,smivyn001
Dillon Stoner,2021,WR,stodil001
Stephen Sullivan,2021,TE,sulste001
Colin Thompson,2021,TE,thocol001
Cody Thompson,2021,WR,thocod001
Noah Togiai,2021,TE,tognoa001
Austin Trammell,2021,WR,traaus001
Jordan Veasy,2021,WR,veajor001
Kahale Warring,2021,TE,warkah001
Justin Watson,2021,WR,watjus001
Davis Webb,2021,QB,webdav001
Nsimba Webster,2021,WR,webnsi001
David Wells,2021,TE,weldav001
Jordan Wilkins,2021,RB,wiljor001
Avery Williams,2021,RB,wilave001
Pooka Williams,2021,WR,wilpoo001
Brandon Wilson,2021,RB,wilbra002
Deon Yelder,2021,TE,yeldeo001
Khari Blasingame,2021,RB,blakha001
Jacob Eason,2021,QB,easjac001
Feleipe Franks,2021,TE,frafel001
Racey McMath,2021,WR,mcmrac002
Malik Taylor,2021,WR,taymal001
Logan Woodside,2021,QB,woolog001
Travis Benjamin,2021,WR,bentra001
Trenton Cannon,2021,RB,cantre001
J.J. Koski,2021,WR,kosjjj001
John Wolford,2021,QB,woljoh001
Josh Rosen,2021,QB,rosjos001
Diontae Spencer,2021,WR,spedio001
Patrick Mahomes*+,2022,QB,mahpat003
Josh Jacobs*+,2022,RB,jacjos002
Christian McCaffrey*,2022,RB,mccchr002
Derrick Henry*,2022,RB,hender002
Justin Jefferson*+,2022,WR,jefjus003
Josh Allen*,2022,QB,alljos002
Davante Adams*+,2022,WR,adadav002
Travis Kelce*+,2022,TE,keltra003
Nick Chubb*,2022,RB,chunic002
Tyreek Hill*+,2022,WR,hiltyr003
Jalen Hurts*,2022,QB,hurjal002
A.J. Brown*,2022,WR,broajj002
Stefon Diggs*,2022,WR,digste002
Saquon Barkley*,2022,RB,barsaq002
CeeDee Lamb*,2022,WR,lamcee002
Joe Burrow*,2022,QB,burjoe002
Tony Pollard*,2022,RB,polton003
Dalvin Cook*,2022,RB,coodal002
Miles Sanders*,2022,RB,sanmil002
George Kittle*,2022,TE,kitgeo002
Taysom Hill,2022,TE,hiltay001
Amon-Ra St. Brown*,2022,WR,broamo002
T.J. Hockenson*,2022,TE,hoctjj002
Ja'Marr Chase*,2022,WR,chajam002
Terry McLaurin*,2022,WR,mclter002
Kenneth Walker III,2022,RB,iiiken002
Geno Smith*,2022,QB,smigen002
Mark Andrews*,2022,TE,andmar003
Trevor Lawrence*,2022,QB,lawtre002
D.K. Metcalf,2022,WR,metdkk001
D.J. Moore,2022,WR,moodjj001
Kirk Cousins*,2022,QB,coukir002
Jared Goff*,2022,QB,gofjar002
Juwan Johnson,2022,TE,johjuw001
Michael Pittman Jr.,2022,WR,jrrmic001
Dawson Knox*,2022,TE,knodaw002
Derek Carr*,2022,QB,carder003
Andy Dalton,2022,QB,daland001
Jacoby Brissett,2022,QB,brijac001
Jimmy Garoppolo,2022,QB,garjim001
Latavius Murray,2022,RB,murlat001
Taylor Heinicke,2022,QB,heitay001
Mack Hollins,2022,WR,holmac001
Josh Palmer,2022,WR,paljos001
Sam Darnold,2022,QB,darsam001
Deshaun Watson,2022,QB,watdes001
Darius Slayton,2022,WR,sladar001
Jordan Akins,2022,TE,akijor001
Devin Duvernay*,2022,WR,duvdev002
Richie James,2022,WR,jamric001
Tyler Conklin,2022,TE,contyl001
Mitchell Trubisky,2022,QB,trumit001
Rashid Shaheed,2022,WR,sharas001
Noah Brown,2022,WR,bronoa001
Olamide Zaccheaus,2022,WR,zacola001
Kalif Raymond,2022,WR,raykal001
Chris Moore,2022,WR,moochr001
DeAndre Carter,2022,WR,cardea001
Josh Reynolds,2022,WR,reyjos001
Eno Benjamin,2022,RB,beneno001
Jaylen Warren,2022,RB,warjay001
Marquise Goodwin,2022,WR,goomar001
Isaiah Hodgins,2022,WR,hodisa001
Greg Dortch,2022,WR,dorgre001
Nick Westbrook-Ikhine,2022,WR,wesnic001
Cooper Rush,2022,QB,ruscoo001
Mike White,2022,QB,whimik001
Dontrell Hilliard,2022,RB,hildon001
Demarcus Robinson,2022,WR,robdem001
Deon Jackson,2022,RB,jacdeo001
Terrace Marshall Jr.,2022,WR,jrrter001
Trent Sherfield,2022,WR,shetre001
Will Dissly,2022,TE,diswil001
Foster Moreau,2022,TE,morfos001
Quez Watkins,2022,WR,watque001
Joshua Kelley,2022,RB,keljos001
Jamycal Hasty,2022,RB,hasjam001
Tyler Huntley*,2022,QB,huntyl002
Joe Flacco,2022,QB,flajoe001
Trenton Irwin,2022,WR,irwtre001
Jauan Jennings,2022,WR,jenjau001
Jamal Agnew*,2022,WR,agnjam002
Zonovan Knight,2022,RB,knizon001
Dante Pettis,2022,WR,petdan001
Laviska Shenault Jr.,2022,WR,jrrlav001
Brock Wright,2022,TE,wribro001
Tutu Atwell,2022,WR,atwtut001
Ben Skowronek,2022,WR,skoben001
Nelson Agholor,2022,WR,aghnel001
Ray-Ray McCloud,2022,WR,mccray001
Colby Parkinson,2022,TE,parcol001
Equanimeous St. Brown,2022,WR,broequ001
Justin Watson,2022,WR,watjus001
Caleb Huntley,2022,RB,huncal001
Jarrett Stidham,2022,QB,stijar001
Noah Gray,2022,TE,granoa001
Matt Breida,2022,RB,bremat001
Shi Smith,2022,WR,smishi001
Damiere Byrd,2022,WR,byrdam001
Justin Jackson,2022,RB,jacjus001
MyCole Pruitt,2022,TE,prumyc001
P.J. Walker,2022,QB,walpjj001
Teddy Bridgewater,2022,QB,brited001
Gardner Minshew II,2022,QB,iiigar001
Sam Ehlinger,2022,QB,ehlsam001
Kyle Juszczyk*,2022,RB,juskyl001
C.J. Uzomah,2022,TE,uzocjj001
Tre'Quan Smith,2022,WR,smitre001
Raheem Blackshear,2022,RB,blarah001
Trey McBride,2022,TE,mcbtre002
Colt McCoy,2022,QB,mcccol001
Tommy Tremble,2022,TE,tretom001
Robbie Chosen,2022,WR,chorob001
Phillip Dorsett,2022,WR,dorphi001
Kendall Hinton,2022,WR,hinken001
Jordan Mason,2022,RB,masjor001
Harrison Bryant,2022,TE,bryhar001
Ty Johnson,2022,RB,johtyy001
Kylen Granson,2022,TE,grakyl001
Justice Hill,2022,RB,hiljus001
Irv Smith Jr.,2022,TE,jrrirv001
Shane Zylstra,2022,TE,zylsha001
Ameer Abdullah,2022,RB,abdame001
DeeJay Dallas,2022,RB,daldee001
Peyton Hendershot,2022,TE,henpey001
Dare Ogunbowale,2022,RB,ogudar001
Dyami Brown,2022,WR,brodya001
Malik Davis,2022,RB,davmal001
Ashton Dulin,2022,WR,dulash001
KhaDarel Hodge,2022,WR,hodkha001
Travis Homer,2022,RB,homtra001
O.J. Howard,2022,TE,howojj001
Josh Oliver,2022,TE,olijos001
Adam Trautman,2022,TE,traada001
Durham Smythe,2022,TE,smydur001
Gary Brightwell,2022,RB,brigar001
Brandon Powell,2022,WR,powbra001
Alec Ingold,2022,RB,ingale001
Amari Rodgers,2022,WR,rodama001
Marquez Callaway,2022,WR,calmar001
River Cracraft,2022,WR,crariv001
Craig Reynolds,2022,RB,reycra001
Joshua Dobbs,2022,QB,dobjos001
Jody Fortson,2022,TE,forjod001
C.J. Ham,2022,RB,hamcjj001
Marcedes Lewis,2022,TE,lewmar001
Zach Pascal,2022,WR,paszac001
Eric Saubert,2022,TE,saueri001
Davis Webb,2022,QB,webdav001
Avery Williams,2022,RB,wilave001
Mike Boone,2022,RB,boomik001
Keelan Cole,2022,WR,colkee001
Johnny Mundt,2022,TE,munjoh001
Ian Thomas,2022,TE,thoian001
Eric Tomlinson,2022,TE,tomeri001
Mitchell Wilcox,2022,TE,wilmit001
David Blough,2022,QB,blodav001
Tevin Coleman,2022,RB,coltev001
Scott Miller,2022,WR,milsco001
Denzel Mims,2022,WR,mimden001
Donald Parham,2022,TE,pardon001
Jalen Reagor,2022,WR,reajal001
Jonathan Williams,2022,RB,wiljon001
Brandon Bolden,2022,RB,bolbra001
Malcolm Brown,2022,RB,bromal001
Lawrence Cager,2022,TE,caglaw001
N'Keal Harry,2022,WR,harnke001
Brett Rypien,2022,QB,rypbre001
John Bates,2022,TE,batjoh001
Cameron Brate,2022,TE,bracam001
Corey Clement,2022,RB,clecor001
Ross Dwelley,2022,TE,dweros001
Steven Sims,2022,WR,simste001
Benny Snell Jr.,2022,RB,jrrben001
Kyle Allen,2022,QB,allkyl001
Jeff Driskel,2022,QB,drijef001
DeSean Jackson,2022,WR,jacdes001
Ronald Jones II,2022,RB,iiiron001
Bryce Perkins,2022,QB,perbry001
Anthony Schwartz,2022,WR,schant001
Derek Watt,2022,RB,watder001
John Wolford,2022,QB,woljoh001
Dan Arnold,2022,TE,arndan001
Tom Kennedy,2022,WR,kentom001
Breshad Perriman,2022,WR,perbre001
Cedrick Wilson Jr.,2022,WR,jrrced001
Salvon Ahmed,2022,RB,ahmsal001
Royce Freeman,2022,RB,freroy001
Zach Gentry,2022,TE,genzac001
Reggie Gilliam,2022,RB,gilreg001
Tanner Hudson,2022,TE,hudtan001
Chris Myarick,2022,RB,myachr001
Jeff Smith,2022,WR,smijef001
Pharaoh Brown,2022,TE,bropha001
T.Y. Hilton,2022,WR,hiltyy001
Jordan Love,2022,QB,lovjor001
Quintin Morris,2022,TE,morqui001
Nick Mullens,2022,QB,mulnic001
Jack Stoll,2022,TE,stojac001
Geoff Swaim,2022,TE,swageo001
Jalen Virgil,2022,WR,virjal001
Josiah Deguara,2022,TE,degjos001
Brycen Hopkins,2022,TE,hopbry001
David Sills,2022,WR,sildav001
Tyrod Taylor,2022,QB,taytyr001
John Brown,2022,WR,brojoh001
Chris Evans,2022,RB,evachr001
Darrynton Evans,2022,RB,evadar001
Anthony Firkser,2022,TE,firant001
Marcus Johnson,2022,WR,johmar001
Dax Milne,2022,WR,mildax001
Kene Nwangwu,2022,RB,nwaken001
Giovanni Ricci,2022,RB,ricgio001
Trevor Siemian,2022,QB,sietre001
Michael Bandy,2022,WR,banmic001
Parker Hesse,2022,TE,hespar001
Phillip Lindsay,2022,RB,linphi001
Trace McSorley,2022,QB,mcstra001
Patrick Ricard*,2022,RB,ricpat001
Armani Rogers,2022,TE,rogarm001
Kyle Rudolph,2022,TE,rudkyl001
Cam Sims,2022,WR,simcam001
Chris Streveler,2022,QB,strchr001
Jordan Wilkins,2022,RB,wiljor001
Blake Bell,2022,TE,belbla001
Chase Daniel,2022,QB,dancha001
Brandon Johnson,2022,WR,johbra001
Jaret Patterson,2022,RB,patjar001
Nathan Peterman,2022,QB,petnat001
Andrew Beck,2022,TE,becand001
D'Wayne Eskridge,2022,WR,eskdwa001
Tyler Mabry,2022,TE,mabtyl001
Tre' McKitty,2022,TE,mcktre002
Ty Montgomery,2022,WR,montyy001
Gunner Olszewski,2022,WR,olsgun001
Freddie Swain,2022,WR,swafre001
Ke'Shawn Vaughn,2022,RB,vaukes001
Kevin White,2022,WR,whikev001
Anthony Brown,2022,QB,broant002
Jalen Guyton,2022,WR,guyjal001
Tyler Kroft,2022,TE,krotyl001
Jake Kumerow,2022,WR,kumjak001
Mike Strachan,2022,WR,strmik001
Trent Taylor,2022,WR,taytre001
Deven Thompkins,2022,WR,thodev001
Mike Thomas,2022,WR,thomik001
Nick Vannett,2022,TE,vannic001
Trayveon Williams,2022,RB,wiltra001
Andre Baccellia,2022,WR,bacand001
Spencer Brown,2022,RB,brospe001
Julius Chestnut,2022,RB,chejul001
Chris Conley,2022,WR,conchr001
Blaine Gabbert,2022,QB,gabbla001
Myles Gaskin,2022,RB,gasmyl001
Cody Hollister,2022,WR,holcod001
David Johnson,2022,RB,johdav001
Tony Jones,2022,RB,jonton001
Ronnie Rivers,2022,RB,rivron001
Stephen Sullivan,2022,TE,sulste001
Patrick Taylor,2022,RB,taypat001
Dwayne Washington,2022,RB,wasdwa001
Trevon Wesco,2022,TE,westre001
Cole Beasley,2022,WR,beacol001
Kendall Blanton,2022,TE,blaken001
Luke Farrell,2022,TE,farluk001
Chris Manhertz,2022,TE,manchr001
Anthony McFarland Jr.,2022,RB,jrrant001
Racey McMath,2022,WR,mcmrac002
James Proche,2022,WR,projam001
Laquon Treadwell,2022,WR,trelaq001
Michael Woods II,2022,WR,iiimic002
Daylen Baldwin,2022,WR,balday001
Giovani Bernard,2022,RB,bergio001
Tyrie Cleveland,2022,WR,cletyr001
Jaelon Darden,2022,WR,darjae001
Tyler Davis,2022,TE,davtyl001
Ben Ellefson,2022,TE,ellben001
Ryan Griffin,2022,TE,grirya001
Tim Jones,2022,WR,jontim001
Larry Rountree,2022,RB,roular001
DJ Turner,2022,WR,turdjj001
Tylan Wallace,2022,WR,waltyl001
Jonathan Ward,2022,RB,warjon001
Michael Burton,2022,RB,burmic001
Quintez Cephus,2022,WR,cepqui001
Pharoh Cooper,2022,WR,coopha001
Frank Darby,2022,WR,darfra001
Simi Fehoko,2022,WR,fehsim001
Nick Foles,2022,QB,folnic001
Troy Hairston,2022,RB,haitro001
Penny Hart,2022,WR,harpen001
Jesper Horsted,2022,TE,horjes001
Dennis Houston,2022,WR,houden001
Lil'Jordan Humphrey,2022,WR,humlil001
Andy Isabella,2022,WR,isaand001
Cade Johnson,2022,WR,johcad001
Keith Kirkwood,2022,WR,kirkei001
Dezmon Patmon,2022,WR,patdez001
Adam Prentice,2022,RB,preada001
Trey Sermon,2022,RB,sertre001
Stone Smartt,2022,TE,smasto001
J.J. Taylor,2022,RB,tayjjj001
Maxx Williams,2022,TE,wilmax001
Juwann Winfree,2022,WR,winjuw001
Maurice Alexander,2022,WR,alemau001
Brandon Allen,2022,QB,allbra002
Stephen Anderson,2022,TE,andste001
Devin Asiasi,2022,TE,asidev001
C.J. Board,2022,WR,boacjj001
Reggie Bonnafon,2022,RB,bonreg001
Miles Boykin,2022,WR,boymil001
Jason Cabinda,2022,RB,cabjas001
Jalen Camp,2022,WR,camjal001
Jacob Harris,2022,TE,harjac001
Kylin Hill,2022,RB,hilkyl001
Brian Hoyer,2022,QB,hoybri001
Godwin Igwebuike,2022,RB,igwgod001
Jakob Johnson,2022,RB,johjak001
Josh Johnson,2022,QB,johjos001
Tyron Johnson,2022,WR,johtyr001
Sean McKeon,2022,TE,mcksea001
Jason Moore,2022,WR,moojas001
Devine Ozigbo,2022,RB,ozidev001
Mason Schreck,2022,TE,schmas001
Keith Smith,2022,RB,smikei001
Tommy Sweeney,2022,TE,swetom001
Austin Trammell,2022,WR,traaus001
Kyle Trask,2022,QB,trakyl001
Nsimba Webster,2022,WR,webnsi001
Ty'Son Williams,2022,RB,wiltys001
Josh Ali,2022,WR,alijos001
Chase Allen,2022,TE,allcha001
Alex Armah,2022,RB,armale001
Nick Bellore,2022,RB,belnic001
Trinity Benson,2022,WR,bentri001
Jared Bernhardt,2022,WR,berjar001
Stanley Berryhill,2022,WR,bersta001
Khari Blasingame,2022,RB,blakha001
Lynn Bowden Jr.,2022,WR,jrrlyn001
Nick Boyle,2022,TE,boynic001
Trenton Cannon,2022,RB,cantre001
Cethan Carter,2022,TE,carcet001
Roger Carter,2022,TE,carrog001
Tory Carter,2022,RB,cartor001
Dan Chisena,2022,WR,chidan001
Tanner Conner,2022,TE,contan001
Keke Coutee,2022,WR,coukek001
Britain Covey,2022,WR,covbri001
Rico Dowdle,2022,RB,dowric001
Jacob Eason,2022,QB,easjac001
Alex Erickson,2022,WR,eriale001
Demetric Felton,2022,RB,feldem001
Ethan Fernea,2022,WR,fereth001
Dez Fitzpatrick,2022,WR,fitdez001
Miller Forristall,2022,TE,formil001
Feleipe Franks,2022,TE,frafel001
Jake Funk,2022,RB,funjak001
Kaylon Geiger,2022,WR,geikay001
Tanner Gentry,2022,WR,gentan001
Josh Gordon,2022,WR,gorjos001
Garrett Griffin,2022,TE,grigar001
Rashard Higgins,2022,WR,higras001
Jacob Hollister,2022,TE,holjac001
J.P. Holtz,2022,TE,holjpp001
Jordan Howard,2022,RB,howjor001
Tyree Jackson,2022,TE,jactyr001
Jesse James,2022,TE,jamjes001
Duke Johnson,2022,RB,johduk001
Johnny Johnson,2022,WR,johjoh001
Tyler Johnson,2022,WR,johtyl001
Nikola Kalinic,2022,TE,kalnik001
Case Keenum,2022,QB,keecas001
John Kelly,2022,RB,keljoh001
Marcus Kemp,2022,WR,kemmar001
Mason Kinsey,2022,WR,kinmas001
Lucas Krull,2022,TE,kruluc001
Kwamie Lassiter II,2022,WR,iiikwa001
Hunter Long,2022,TE,lonhun001
Tay Martin,2022,WR,martay001
Lance McCutcheon,2022,WR,mcclan001
Kyric McGowan,2022,WR,mcgkyr001
Kirk Merritt,2022,WR,merkir001
Stanley Morgan Jr.,2022,WR,jrrsta001
Qadree Ollison,2022,RB,ollqad001
Jared Pinkney,2022,TE,pinjar001
Cornell Powell,2022,WR,powcor001
D'Vonte Price,2022,RB,pridvo001
Kevin Rader,2022,TE,radkev001
Andre Roberts,2022,WR,roband001
Richard Rodgers,2022,TE,rodric001
Drew Sample,2022,TE,samdre001
Braylon Sanders,2022,WR,sanbra001
Matthew Slater,2022,WR,slamat002
Willie Snead,2022,WR,snewil001
Matt Sokol,2022,TE,sokmat001
Nate Sudfeld,2022,QB,sudnat001
Noah Togiai,2022,TE,tognoa001
Jake Tonges,2022,RB,tonjak001
Malik Turner,2022,WR,turmal001
Binjimen Victor,2022,WR,vicbin001
James Washington,2022,WR,wasjam001
Scotty Washington,2022,WR,wassco001
Raleigh Webb,2022,WR,webral001
Cody White,2022,WR,whicod001
Antonio Williams,2022,RB,wilant001
Preston Williams,2022,WR,wilpre001
Javon Wims,2022,WR,wimjav001
Charlie Woerner,2022,TE,woecha001
Logan Woodside,2022,QB,woolog001
Kenny Yeboah,2022,TE,yebken001
Brandon Zylstra,2022,WR,zylbra001
C.J. Beathard,2022,QB,beacjj001
Deonte Harty,2022,WR,hardeo001
Chad Henne,2022,QB,hencha001
Ihmir Smith-Marsette,2022,WR,smiihm001
KaVontae Turpin*,2022,WR,turkav001
Taiwan Jones,2022,RB,jontai001
Chester Rogers,2022,WR,rogche001
Tim Boyle,2022,QB,boytim001
Christian McCaffrey*+,2023,RB,mccchr003
CeeDee Lamb*+,2023,WR,lamcee003
Tyreek Hill*+,2023,WR,hiltyr003
Jalen Hurts*,2023,QB,hurjal002
Raheem Mostert*,2023,RB,mosrah002
Amon-Ra St. Brown*+,2023,WR,broamo003
Dak Prescott*,2023,QB,predak002
Mike Evans*,2023,WR,evamik002
Lamar Jackson*+,2023,QB,jaclam003
Sam LaPorta*,2023,TE,lapsam003
Kyren Williams*,2023,RB,wilkyr002
Puka Nacua*,2023,WR,nacpuk002
D.J. Moore,2023,WR,moodjj001
Derrick Henry*,2023,RB,hender002
A.J. Brown*,2023,WR,broajj002
George Kittle*+,2023,TE,kitgeo003
Travis Kelce*,2023,TE,keltra002
Keenan Allen*,2023,WR,allkee002
Stefon Diggs*,2023,WR,digste002
David Njoku*,2023,TE,njodav002
Brock Purdy*,2023,QB,purbro002
Ja'Marr Chase*,2023,WR,chajam002
Jahmyr Gibbs*,2023,RB,gibjah002
Evan Engram*,2023,TE,engeva002
James Cook*,2023,RB,coojam002
D.K. Metcalf*,2023,WR,metdkk003
Amari Cooper*,2023,WR,cooama002
Jake Ferguson*,2023,TE,ferjak002
Patrick Mahomes*,2023,QB,mahpat002
C.J. Stroud*,2023,QB,strcjj002
Kenneth Walker III,2023,RB,iiiken002
Baker Mayfield*,2023,QB,maybak002
Michael Pittman Jr.,2023,WR,jrrmic001
Tua Tagovailoa*,2023,QB,tagtua002
Brian Robinson Jr.,2023,RB,jrrbri001
D'Andre Swift*,2023,RB,swidan002
Matthew Stafford*,2023,QB,stamat002
Geno Smith*,2023,QB,smigen002
Joshua Dobbs,2023,QB,dobjos001
Gardner Minshew II*,2023,QB,iiigar002
Jake Browning,2023,QB,brojak001
Zack Moss,2023,RB,moszac001
Zach Wilson,2023,QB,wilzac001
Gabriel Davis,2023,WR,davgab001
Rashid Shaheed*+,2023,WR,sharas002
Joe Flacco,2023,QB,flajoe001
Tommy DeVito,2023,QB,devtom001
Josh Reynolds,2023,WR,reyjos001
Tyrod Taylor,2023,QB,taytyr001
Justice Hill,2023,RB,hiljus001
Rico Dowdle,2023,RB,dowric001
Jaleel McLaughlin,2023,RB,mcljal001
Khalil Shakir,2023,WR,shakha001
Jonnu Smith,2023,TE,smijon001
Tutu Atwell,2023,WR,atwtut001
Odell Beckham Jr.,2023,WR,jrrode001
Logan Thomas,2023,TE,tholog001
Isaiah Likely,2023,TE,likisa001
Noah Brown,2023,WR,bronoa001
Josh Palmer,2023,WR,paljos001
Bailey Zappe,2023,QB,zapbai001
Easton Stick,2023,QB,stieas001
Nick Mullens,2023,QB,mulnic001
Taylor Heinicke,2023,QB,heitay001
Latavius Murray,2023,RB,murlat001
Kendrick Bourne,2023,WR,bouken001
Nelson Agholor,2023,WR,aghnel001
Tyler Conklin,2023,TE,contyl001
Kalif Raymond,2023,WR,raykal001
Justin Watson,2023,WR,watjus001
Keaton Mitchell,2023,RB,mitkea001
Demarcus Robinson,2023,WR,robdem001
Nick Westbrook-Ikhine,2023,WR,wesnic001
Brandon Johnson,2023,WR,johbra001
Tyson Bagent,2023,QB,bagtys001
Donald Parham,2023,TE,pardon001
Emari Demercado,2023,RB,demema001
Marvin Mims*,2023,WR,mimmar002
Mitchell Trubisky,2023,QB,trumit001
KaVontae Turpin,2023,WR,turkav002
Cedrick Wilson Jr.,2023,WR,jrrced001
Chris Moore,2023,WR,moochr001
Royce Freeman,2023,RB,freroy001
Kylen Granson,2023,TE,grakyl001
Noah Gray,2023,TE,granoa001
Jordan Mason,2023,RB,masjor001
Greg Dortch,2023,WR,dorgre001
Tanner Hudson,2023,TE,hudtan001
Mason Rudolph,2023,QB,rudmas001
Jake Bobo,2023,WR,bobjak001
Xavier Gipson,2023,WR,gipxav001
Trenton Irwin,2023,WR,irwtre001
Brandon Powell,2023,WR,powbra001
Pierre Strong,2023,RB,strpie001
Adam Trautman,2023,TE,traada001
Colby Parkinson,2023,TE,parcol001
Durham Smythe,2023,TE,smydur001
Jalen Tolbert,2023,WR,toljal001
Tommy Tremble,2023,TE,tretom001
Mo Alie-Cox,2023,TE,alimoo001
Calvin Austin III,2023,WR,iiical002
David Bell,2023,WR,beldav001
Darrell Henderson,2023,RB,hendar001
Lil'Jordan Humphrey,2023,WR,humlil001
Brevin Jordan,2023,TE,jorbre001
Jauan Jennings,2023,WR,jenjau001
Braxton Berrios,2023,WR,berbra001
Josh Oliver,2023,TE,olijos001
Matt Breida,2023,RB,bremat001
Bo Melton,2023,WR,melboo001
Alex Erickson,2023,WR,eriale001
Drew Lock,2023,QB,locdre001
Andrew Beck,2023,RB,becand001
Jimmy Graham,2023,TE,grajim001
Scott Miller,2023,WR,milsco001
Drew Sample,2023,TE,samdre001
Olamide Zaccheaus,2023,WR,zacola001
Salvon Ahmed,2023,RB,ahmsal001
Andrew Ogletree,2023,TE,ogland001
Trevor Siemian,2023,QB,sietre001
Jarrett Stidham,2023,QB,stijar001
Jamal Agnew,2023,WR,agnjam001
Daniel Bellinger,2023,TE,beldan001
Tyler Huntley,2023,QB,huntyl001
Carson Wentz,2023,QB,wencar001
Pharaoh Brown,2023,TE,bropha001
Harrison Bryant,2023,TE,bryhar001
Deonte Harty,2023,WR,hardeo001
Mack Hollins,2023,WR,holmac001
D'Ernest Johnson,2023,RB,johder001
Ty Johnson,2023,RB,johtyy001
Julio Jones,2023,WR,jonjul001
Tony Jones,2023,RB,jonton001
Kyle Juszczyk*+,2023,RB,juskyl002
Foster Moreau,2023,TE,morfos001
Craig Reynolds,2023,RB,reycra001
Ihmir Smith-Marsette,2023,WR,smiihm001
Andy Dalton,2023,QB,daland001
Jacoby Brissett,2023,QB,brijac001
Dyami Brown,2023,WR,brodya001
Sam Darnold,2023,QB,darsam001
Will Dissly,2023,TE,diswil001
Darrynton Evans,2023,RB,evadar001
KhaDarel Hodge,2023,WR,hodkha001
Austin Hooper,2023,TE,hooaus001
Johnny Mundt,2023,TE,munjoh001
Ameer Abdullah,2023,RB,abdame001
Elijah Higgins,2023,TE,higeli001
Jalen Reagor,2023,WR,reajal001
Stone Smartt,2023,TE,smasto001
C.J. Beathard,2023,QB,beacjj001
Jamison Crowder,2023,WR,crojam001
P.J. Walker,2023,QB,walpjj001
Quez Watkins,2023,WR,watque001
Robbie Chosen,2023,WR,chorob001
Malik Heath,2023,WR,heamal001
Patrick Taylor,2023,RB,taypat001
River Cracraft,2023,WR,crariv001
Kevin Harris,2023,RB,harkev001
Davis Mills,2023,QB,mildav001
Deven Thompkins,2023,WR,thodev001
Melvin Gordon,2023,RB,gormel001
Connor Heyward,2023,TE,heycon001
Ray-Ray McCloud,2023,WR,mccray001
MyCole Pruitt,2023,TE,prumyc001
Trey Sermon,2023,RB,sertre001
Luke Farrell,2023,TE,farluk001
Lucas Krull,2023,TE,kruluc001
Kyle Philips,2023,WR,phikyl001
Irv Smith Jr.,2023,TE,jrrirv001
John Bates,2023,TE,batjoh001
Jalen Guyton,2023,WR,guyjal001
Charlie Kolar,2023,TE,kolcha001
David Moore,2023,WR,moodav001
Ronnie Rivers,2023,RB,rivron001
Jeremy Ruckert,2023,TE,rucjer001
Trent Sherfield,2023,WR,shetre001
Brock Wright,2023,TE,wribro001
Jeff Driskel,2023,QB,drijef001
Terrace Marshall Jr.,2023,WR,jrrter001
Byron Pringle,2023,WR,pribyr001
Ben Skowronek,2023,WR,skoben001
Jordan Akins,2023,TE,akijor001
Isaiah Spiller,2023,RB,spiisa001
Stephen Sullivan,2023,TE,sulste001
Lynn Bowden Jr.,2023,WR,jrrlyn001
Jason Brownlee,2023,WR,brojas001
Randall Cobb,2023,WR,cobran001
Tyler Goodson,2023,RB,gootyl001
Alec Ingold*,2023,RB,ingale002
Marcus Mariota,2023,QB,marmar001
D.J. Montgomery,2023,WR,mondjj001
Boston Scott,2023,RB,scobos001
Laviska Shenault Jr.,2023,WR,jrrlav001
Cole Turner,2023,TE,turcol001
C.J. Uzomah,2023,TE,uzocjj001
Jameis Winston,2023,QB,winjam001
Raheem Blackshear,2023,RB,blarah001
Brandon Bolden,2023,RB,bolbra001
Tim Boyle,2023,QB,boytim001
Chris Brooks,2023,RB,brochr001
La'Mical Perine,2023,RB,perlam001
Patrick Ricard,2023,RB,ricpat002
Robert Tonyan,2023,TE,tonrob001
Emanuel Wilson,2023,RB,wilema001
Lawrence Cager,2023,TE,caglaw001
Marquise Goodwin,2023,WR,goomar001
Keaontay Ingram,2023,RB,ingkea001
Case Keenum,2023,QB,keecas001
Keith Kirkwood,2023,WR,kirkei001
Hunter Luepke,2023,RB,luehun001
Sterling Shepard,2023,WR,sheste001
Nick Bawden,2023,RB,bawnic001
Marcedes Lewis,2023,TE,lewmar001
Quintin Morris,2023,TE,morqui001
Geoff Swaim,2023,TE,swageo001
Brycen Hopkins,2023,TE,hopbry001
Tim Jones,2023,WR,jontim001
Dare Ogunbowale,2023,RB,ogudar001
Ben Sims,2023,TE,simben001
Samori Toure,2023,WR,tousam001
Trayveon Williams,2023,RB,wiltra001
Blake Bell,2023,TE,belbla001
Gary Brightwell,2023,RB,brigar001
Chris Conley,2023,WR,conchr001
Josiah Deguara,2023,TE,degjos001
Simi Fehoko,2023,WR,fehsim001
Tyler Johnson,2023,WR,johtyl001
Velus Jones Jr.,2023,WR,jrrvel001
Tylan Wallace,2023,WR,waltyl001
DeAndre Carter,2023,WR,cardea001
Blaine Gabbert,2023,QB,gabbla001
Rakim Jarrett,2023,WR,jarrak001
Ko Kieft,2023,TE,kiekoo001
Isaiah McKenzie,2023,WR,mckisa001
Equanimeous St. Brown,2023,WR,broequ001
Ian Thomas,2023,TE,thoian001
Mitchell Wilcox,2023,TE,wilmit001
Damien Williams,2023,RB,wildam001
Brian Hoyer,2023,QB,hoybri001
Ty Montgomery,2023,WR,montyy001
Justyn Ross,2023,WR,rosjus001
Brett Rypien,2023,QB,rypbre001
Mike Strachan,2023,WR,strmik001
Michael Burton,2023,RB,burmic001
Grant Calcaterra,2023,TE,calgra001
Elijah Cooks,2023,WR,cooeli001
Britain Covey,2023,WR,covbri001
Leonard Fournette,2023,RB,fouleo001
Peyton Hendershot,2023,TE,henpey001
Jack Stoll,2023,TE,stojac001
Ke'Shawn Vaughn,2023,RB,vaukes001
Khari Blasingame,2023,RB,blakha001
Keelan Doss,2023,WR,doskee001
Devin Duvernay,2023,WR,duvdev003
Derrick Gore,2023,RB,gorder001
C.J. Ham*,2023,RB,hamcjj002
Julian Hill,2023,TE,hiljul001
Trishton Jackson,2023,WR,jactri001
James Mitchell,2023,TE,mitjam001
Jalen Nailor,2023,WR,naijal001
Teagan Quitoriano,2023,TE,quitea001
Cooper Rush,2023,QB,ruscoo001
Steven Sims,2023,WR,simste001
Keith Smith,2023,RB,smikei001
Sean Tucker,2023,RB,tucsea001
Malik Willis,2023,QB,wilmal001
Charlie Woerner,2023,TE,woecha001
Kenny Yeboah,2023,TE,yebken001
Nate Adkins,2023,TE,adknat001
Miles Boykin,2023,WR,boymil001
DeeJay Dallas,2023,RB,daldee001
Tyrion Davis-Price,2023,RB,davtyr001
Elijah Dotson,2023,RB,doteli001
Erik Ezukanma,2023,WR,ezueri001
Jake Funk,2023,RB,funjak001
Marvin Jones,2023,WR,jonmar001
Zonovan Knight,2023,RB,knizon001
Chris Manhertz,2023,TE,manchr001
Nick Muse,2023,TE,musnic001
Gunner Olszewski,2023,WR,olsgun001
Zach Pascal,2023,WR,paszac001
Laquon Treadwell,2023,WR,trelaq001
Trevon Wesco,2023,TE,westre001
Mike White,2023,QB,whimik001
Alex Armah,2023,RB,armale001
Jashaun Corbin,2023,RB,corjas001
Kenyan Drake,2023,RB,draken001
Ross Dwelley,2023,TE,dweros001
D'Wayne Eskridge,2023,WR,eskdwa001
Chris Evans,2023,RB,evachr001
Tucker Fisk,2023,TE,fistuc001
John FitzPatrick,2023,TE,fitjoh002
Cole Fotheringham,2023,TE,fotcol001
Collin Johnson,2023,WR,johcol001
Jakob Johnson,2023,RB,johjak001
Mason Kinsey,2023,WR,kinmas001
A.J. McCarron,2023,QB,mccajj001
Anthony McFarland Jr.,2023,RB,jrrant001
Kene Nwangwu,2023,RB,nwaken001
Devine Ozigbo,2023,RB,ozidev001
Kevin Rader,2023,TE,radkev001
Eric Saubert,2023,TE,saueri001
Willie Snead,2023,WR,snewil001
Malik Taylor,2023,WR,taymal001
Cody Thompson,2023,WR,thocod001
Austin Trammell,2023,WR,traaus001
Jonathan Ward,2023,RB,warjon001
Devon Allen,2023,WR,alldev001
Stephen Anderson,2023,TE,andste001
Andre Baccellia,2023,WR,bacand001
Michael Bandy,2023,WR,banmic001
Matt Barkley,2023,QB,barmat001
Nick Bellore*,2023,RB,belnic002
Chris Blair,2023,WR,blachr002
Teddy Bridgewater,2023,QB,brited001
Matt Bushman,2023,TE,busmat001
Terrell Bynum,2023,WR,bynter001
Damiere Byrd,2023,WR,byrdam001
Jason Cabinda,2023,RB,cabjas001
Marquez Callaway,2023,WR,calmar001
Stephen Carlson,2023,TE,carste001
Irvin Charles,2023,WR,chairv001
Julius Chestnut,2023,RB,chejul001
Dan Chisena,2023,WR,chidan001
Corey Clement,2023,RB,clecor001
Tanner Conner,2023,TE,contan001
Malik Cunningham,2023,QB,cunmal001
Darrell Daniels,2023,TE,dandar001
Frank Darby,2023,WR,darfra001
Jaelon Darden,2023,WR,darjae001
Malik Davis,2023,RB,davmal001
Phillip Dorsett,2023,WR,dorphi001
Dylan Drummond,2023,WR,drudyl001
Sam Ehlinger,2023,QB,ehlsam001
Princeton Fant,2023,TE,fanpri001
Ethan Fernea,2023,WR,fereth001
Anthony Firkser,2023,TE,firant001
Dez Fitzpatrick,2023,WR,fitdez001
Myles Gaskin,2023,RB,gasmyl001
Zach Gentry,2023,TE,genzac001
Reggie Gilliam,2023,RB,gilreg001
Jacob Harris,2023,WR,harjac001
N'Keal Harry,2023,WR,harnke001
Jamycal Hasty,2023,RB,hasjam001
Parker Hesse,2023,TE,hespar001
J.P. Holtz,2023,TE,holjpp001
Travis Homer,2023,RB,homtra001
Jesper Horsted,2023,TE,horjes001
Mohamed Ibrahim,2023,RB,ibrmoh001
Godwin Igwebuike,2023,RB,igwgod001
Andy Isabella,2023,WR,isaand001
Kearis Jackson,2023,WR,jackea001
Lucky Jackson,2023,WR,jacluc001
Shedrick Jackson,2023,WR,jacshe001
Tyree Jackson,2023,TE,jactyr001
Johnny Johnson,2023,WR,johjoh001
Hunter Kampmoyer,2023,TE,kamhun001
Dalton Keene,2023,TE,keedal001
Tyler Kroft,2023,TE,krotyl001
Kwamie Lassiter II,2023,WR,iiikwa001
Hunter Long,2023,TE,lonhun001
Tay Martin,2023,WR,martay001
Ben Mason,2023,RB,masben001
Jordan Matthews,2023,TE,matjor001
Kenny McIntosh,2023,RB,mciken002
Sean McKeon,2023,TE,mcksea001
Tre' McKitty,2023,TE,mcktre002
Jeremy McNichols,2023,RB,mcnjer001
Kirk Merritt,2023,WR,merkir001
Ryan Miller,2023,WR,milrya001
Jordan Mims,2023,RB,mimjor001
Stanley Morgan Jr.,2023,WR,jrrsta001
Albert Okwuegbunam,2023,TE,okwalb001
Qadree Ollison,2023,RB,ollqad001
Henry Pearson,2023,RB,peahen001
Josh Pederson,2023,TE,pedjos001
Nathan Peterman,2023,QB,petnat001
Adam Prentice,2023,RB,preada001
Deneric Prince,2023,RB,priden001
Giovanni Ricci,2023,RB,ricgio001
James Robinson,2023,RB,robjam001
Amari Rodgers,2023,WR,rodama001
Brady Russell,2023,TE,rusbra001
David Sills,2023,WR,sildav001
Matthew Slater,2023,WR,slamat002
Tre'Quan Smith,2023,WR,smitre001
Matt Sokol,2023,TE,sokmat001
SaRodorick Thompson,2023,RB,thosar001
Mitchell Tinsley,2023,WR,tinmit001
Noah Togiai,2023,TE,tognoa001
Kyle Trask,2023,QB,trakyl001
DJ Turner,2023,WR,turdjj001
Xazavian Valladay,2023,RB,valxaz001
Nick Vannett,2023,TE,vannic001
Travis Vokolek,2023,TE,voktra001
Dwayne Washington,2023,RB,wasdwa001
Montrell Washington,2023,WR,wasmon001
Blake Whiteheart,2023,TE,whibla001
Kristian Wilkerson,2023,WR,wilkri001
Jonathan Williams,2023,RB,wiljon001
Rodney Williams,2023,TE,wilrod001
Juwann Winfree,2023,WR,winjuw001
Easop Winston,2023,WR,wineas001
Logan Woodside,2023,QB,woolog001
Owen Wright,2023,RB,wriowe001
Dareke Young,2023,WR,youdar001
Kyle Allen,2023,QB,allkyl001
Deon Jackson,2023,RB,jacdeo001
David Wells,2023,TE,weldav001
James Proche,2023,WR,projam001
Trent Taylor,2023,WR,taytre001
Saquon Barkley*+,2024,RB,barsaq003
Derrick Henry*,2024,RB,hender002
Jahmyr Gibbs*,2024,RB,gibjah002
Lamar Jackson*+,2024,QB,jaclam003
Ja'Marr Chase*+,2024,WR,chajam003
Bijan Robinson*,2024,RB,robbij002
Josh Jacobs*,2024,RB,jacjos003
Josh Allen*,2024,QB,alljos002
Joe Burrow*,2024,QB,burjoe002
James Cook*,2024,RB,coojam002
Justin Jefferson*+,2024,WR,jefjus003
Baker Mayfield*,2024,QB,maybak002
Jonathan Taylor*,2024,RB,tayjon003
George Kittle*,2024,TE,kitgeo002
Jayden Daniels*,2024,QB,danjay002
Amon-Ra St. Brown*+,2024,WR,broamo003
Brian Thomas*,2024,WR,thobri002
Brock Bowers*+,2024,TE,bowbro002
Joe Mixon*,2024,RB,mixjoe002
Terry McLaurin*,2024,WR,mclter002
Trey McBride*,2024,TE,mcbtre003
Jonnu Smith*,2024,TE,smijon002
Jared Goff*,2024,QB,gofjar002
Mike Evans*,2024,WR,evamik002
Malik Nabers*,2024,WR,nabmal002
CeeDee Lamb*,2024,WR,lamcee002
Sam Darnold*,2024,QB,darsam002
Jaxon Smith-Njigba*,2024,WR,smijax002
Jerry Jeudy*,2024,WR,jeujer002
Travis Kelce*,2024,TE,keltra002
Nico Collins*,2024,WR,colnic002
D.J. Moore,2024,WR,moodjj001
Zay Flowers*,2024,WR,flozay002
Jauan Jennings,2024,WR,jenjau001
Drake Maye*,2024,QB,maydra002
Russell Wilson*,2024,QB,wilrus002
Brian Robinson Jr.,2024,RB,jrrbri001
Kenneth Walker III,2024,RB,iiiken002
Kareem Hunt,2024,RB,hunkar001
Jameis Winston,2024,QB,winjam001
D.K. Metcalf,2024,WR,metdkk001
Alec Pierce,2024,WR,pieale001
Cooper Rush,2024,QB,ruscoo001
Nick Westbrook-Ikhine,2024,WR,wesnic001
Jalen Tolbert,2024,WR,toljal001
Joe Flacco,2024,QB,flajoe001
Michael Pittman Jr.,2024,WR,jrrmic001
Mac Jones,2024,QB,jonmac001
Gardner Minshew II,2024,QB,iiigar001
Mason Rudolph,2024,QB,rudmas001
Aidan O'Connell,2024,QB,ocoaid001
Marvin Mims*+,2024,WR,mimmar003
Allen Lazard,2024,WR,lazall001
Ameer Abdullah,2024,RB,abdame001
Emanuel Wilson,2024,RB,wilema001
Calvin Austin III,2024,WR,iiical002
Demario Douglas,2024,WR,doudem002
Tre Tucker,2024,WR,tuctre001
Drew Lock,2024,QB,locdre001
Cam Akers,2024,RB,akecam001
Kayshon Boutte,2024,WR,boukay001
Ray-Ray McCloud,2024,WR,mccray001
Jalen Nailor,2024,WR,naijal001
Ty Johnson,2024,RB,johtyy001
Noah Gray,2024,TE,granoa001
KaVontae Turpin*+,2024,WR,turkav003
Foster Moreau,2024,TE,morfos001
Mack Hollins,2024,WR,holmac001
Josh Palmer,2024,WR,paljos001
Olamide Zaccheaus,2024,WR,zacola001
Marquez Valdes-Scantling,2024,WR,valmar001
Parker Washington,2024,WR,waspar001
Austin Hooper,2024,TE,hooaus001
Jalen Coker,2024,WR,cokjal001
Tyler Huntley,2024,QB,huntyl001
Will Dissly,2024,TE,diswil001
Sean Tucker,2024,RB,tucsea001
Andy Dalton,2024,QB,daland001
Tim Patrick,2024,WR,pattim001
Tutu Atwell,2024,WR,atwtut001
Jeremy McNichols,2024,RB,mcnjer001
Greg Dortch,2024,WR,dorgre001
David Moore,2024,WR,moodav001
Samaje Perine,2024,RB,persam001
Malik Willis,2024,QB,wilmal001
Jordan Akins,2024,TE,akijor001
Noah Brown,2024,WR,bronoa001
Brenton Strange,2024,TE,strbre001
Cedric Tillman,2024,WR,tilced001
AJ Barner,2024,TE,barajj002
Sterling Shepard,2024,WR,sheste001
Marcus Mariota,2024,QB,marmar001
Jacoby Brissett,2024,QB,brijac001
Josh Oliver,2024,TE,olijos001
Justin Watson,2024,WR,watjus001
Van Jefferson,2024,WR,jefvan001
Kalif Raymond,2024,WR,raykal001
Emari Demercado,2024,RB,demema001
Kyle Juszczyk*,2024,RB,juskyl001
Dyami Brown,2024,WR,brodya001
Dawson Knox,2024,TE,knodaw001
Dare Ogunbowale,2024,RB,ogudar001
Grant Calcaterra,2024,TE,calgra001
Nelson Agholor,2024,WR,aghnel001
Tyler Johnson,2024,WR,johtyl001
Colby Parkinson,2024,TE,parcol001
JuJu Smith-Schuster,2024,WR,smijuj001
Gabriel Davis,2024,WR,davgab001
Tyler Goodson,2024,RB,gootyl001
Lil'Jordan Humphrey,2024,WR,humlil001
Tommy Tremble,2024,TE,tretom001
Josh Whyle,2024,TE,whyjos001
Nick Vannett,2024,TE,vannic001
Chris Brooks,2024,RB,brochr001
Joshua Dobbs,2024,QB,dobjos001
John Metchie,2024,WR,metjoh001
Chris Rodriguez,2024,RB,rodchr001
Adam Trautman,2024,TE,traada001
DJ Turner,2024,WR,turdjj001
Nate Adkins,2024,TE,adknat001
Hassan Haskins,2024,RB,hashas001
Luke Schoonmaker,2024,TE,schluk001
Cedrick Wilson Jr.,2024,WR,jrrced001
Elijah Higgins,2024,TE,higeli001
Tanner McKee,2024,QB,mcktan002
Derius Davis,2024,WR,davder001
D'Onta Foreman,2024,RB,fordon001
Patrick Taylor,2024,RB,taypat001
Johnny Mundt,2024,TE,munjoh001
Cordarrelle Patterson,2024,RB,patcor001
Darnell Washington,2024,TE,wasdar001
Michael Carter,2024,RB,carmic001
KhaDarel Hodge*,2024,WR,hodkha002
Ryan Miller,2024,WR,milrya001
Kenny Pickett,2024,QB,picken001
Josh Reynolds,2024,WR,reyjos001
Tylan Wallace,2024,WR,waltyl001
Jalen Brooks,2024,WR,brojal001
Payne Durham,2024,TE,durpay001
D'Ernest Johnson,2024,RB,johder001
Trey Palmer,2024,WR,paltre001
Malik Heath,2024,WR,heamal001
Desmond Ridder,2024,QB,riddes001
Brock Wright,2024,TE,wribro001
Mo Alie-Cox,2024,TE,alimoo001
Mecole Hardman,2024,WR,harmec001
Sincere McCormick,2024,RB,mccsin001
Pierre Strong,2024,RB,strpie001
Jimmy Garoppolo,2024,QB,garjim001
Tanner Hudson,2024,TE,hudtan001
Dante Pettis,2024,WR,petdan001
Tyrod Taylor,2024,QB,taytyr001
Michael Burton,2024,RB,burmic001
Jamycal Hasty,2024,RB,hasjam001
Tyler Higbee,2024,TE,higtyl001
Charlie Kolar,2024,TE,kolcha001
Kenny McIntosh,2024,RB,mciken002
Stone Smartt,2024,TE,smasto001
DeeJay Dallas,2024,RB,daldee001
Kylen Granson,2024,TE,grakyl001
Craig Reynolds,2024,RB,reycra001
Robert Woods,2024,WR,woorob001
Jake Bobo,2024,WR,bobjak001
Jamison Crowder,2024,WR,crojam001
Ashton Dulin,2024,WR,dulash001
Luke McCaffrey,2024,WR,mccluk002
Andrew Ogletree,2024,TE,ogland001
Drew Sample,2024,TE,samdre001
Carson Steele,2024,RB,stecar001
Kevin Austin,2024,WR,auskev001
Eric Saubert,2024,TE,saueri001
Dorian Thompson-Robinson,2024,QB,thodor001
Alec Ingold,2024,RB,ingale001
Lucas Krull,2024,TE,kruluc001
Hunter Luepke,2024,RB,luehun001
Bo Melton,2024,WR,melboo001
Jonathan Mingo,2024,WR,minjon001
Mitchell Trubisky,2024,QB,trumit001
Tim Boyle,2024,QB,boytim001
Jordan Mims,2024,RB,mimjor001
Patrick Ricard*+,2024,RB,ricpat003
Trent Sherfield,2024,WR,shetre001
Daniel Bellinger,2024,TE,beldan001
Tommy DeVito,2024,QB,devtom001
Jake Haener,2024,QB,haejak001
Trey Lance,2024,QB,lantre001
Ronnie Rivers,2024,RB,rivron001
Tyrell Shavers,2024,WR,shatyr001
Xavier Hutchinson,2024,WR,hutxav001
Rakim Jarrett,2024,WR,jarrak001
Tony Jones,2024,RB,jonton001
K.J. Osborn,2024,WR,osbkjj001
Julius Chestnut,2024,RB,chejul001
Simi Fehoko,2024,WR,fehsim001
Tay Martin,2024,WR,martay001
Jeremy Ruckert,2024,TE,rucjer001
Blake Whiteheart,2024,TE,whibla001
Kenny Yeboah,2024,TE,yebken001
Connor Heyward,2024,TE,heycon001
Julian Hill,2024,TE,hiljul001
Davis Mills,2024,QB,mildav001
Quintin Morris,2024,TE,morqui001
Bryce Oliver,2024,WR,olibry001
MyCole Pruitt,2024,TE,prumyc001
Mason Tipton,2024,WR,tipmas001
Harrison Bryant,2024,TE,bryhar001
Parris Campbell,2024,WR,campar001
C.J. Ham,2024,RB,hamcjj001
Chris Manhertz,2024,TE,manchr001
Brevyn Spann-Ford,2024,TE,spabre001
Deuce Vaughn,2024,RB,vaudeu001
Raheem Blackshear,2024,RB,blarah001
Chris Conley,2024,WR,conchr001
Devin Duvernay,2024,WR,duvdev003
Xavier Gipson,2024,WR,gipxav001
Zay Jones,2024,WR,jonzay001
Jalen Reagor,2024,WR,reajal001
Skylar Thompson,2024,QB,thosky001
Kristian Wilkerson,2024,WR,wilkri001
Jeff Wilson,2024,RB,wiljef001
River Cracraft,2024,WR,crariv001
Luke Farrell,2024,TE,farluk001
Eric Gray,2024,RB,graeri001
Hayden Hurst,2024,TE,hurhay001
E.J. Jenkins,2024,TE,jenejj001
Scott Miller,2024,WR,milsco001
Brandon Powell,2024,WR,powbra001
Ben Skowronek,2024,WR,skoben001
Michael Woods II,2024,WR,iiimic002
Bailey Zappe,2024,QB,zapbai001
Brandon Allen,2024,QB,allbra002
Tyler Badie,2024,RB,badtyl001
John Bates,2024,TE,batjoh001
Odell Beckham Jr.,2024,WR,jrrode001
Hunter Long,2024,TE,lonhun001
Kene Nwangwu,2024,RB,nwaken001
Laviska Shenault Jr.,2024,WR,jrrlav001
Ihmir Smith-Marsette,2024,WR,smiihm001
Mike Boone,2024,RB,boomik001
Pharaoh Brown,2024,TE,bropha001
DeAndre Carter,2024,WR,cardea001
Peyton Hendershot,2024,TE,henpey001
Charlie Jones,2024,WR,joncha001
Nikko Remigio,2024,WR,remnik001
Durham Smythe,2024,TE,smydur001
Tyquan Thornton,2024,WR,thotyq001
Sione Vaki,2024,RB,vaksio001
Carson Wentz,2024,QB,wencar001
Charlie Woerner,2024,TE,woecha001
Davis Allen,2024,TE,alldav001
Treylon Burks,2024,WR,burtre001
Dan Chisena,2024,WR,chidan001
D'Wayne Eskridge,2024,WR,eskdwa001
Gerald Everett,2024,TE,eveger001
Tucker Fisk,2024,TE,fistuc001
Tim Jones,2024,WR,jontim001
Jacob Kibodi,2024,RB,kibjac001
Terrace Marshall Jr.,2024,WR,jrrter001
Ben Sims,2024,TE,simben001
Xavier Smith,2024,WR,smixav001
J.J. Taylor,2024,RB,tayjjj001
Cody White,2024,WR,whicod001
Alex Bachman,2024,WR,bacale001
David Bell,2024,WR,beldav001
Dalvin Cook,2024,RB,coodal001
Britain Covey,2024,WR,covbri001
Greg Dulcich,2024,TE,dulgre001
Cam Grandy,2024,TE,gracam001
Taylor Heinicke,2024,QB,heitay001
Travis Homer,2024,RB,homtra001
Hendon Hooker,2024,QB,hoohen001
Jermar Jefferson,2024,RB,jefjer001
Terrell Jennings,2024,RB,jenter001
Will Mallory,2024,TE,malwil001
Jase McClellan,2024,RB,mccjas002
Allen Robinson,2024,WR,roball001
Deven Thompkins,2024,WR,thodev001
Ronnie Bell,2024,WR,belron001
Chris Blair,2024,WR,blachr002
Tanner Conner,2024,TE,contan001
Dallin Holker,2024,TE,holdal001
Trenton Irwin,2024,WR,irwtre001
Mason Kinsey,2024,WR,kinmas001
Anthony Miller,2024,WR,milant001
Aaron Shampklin,2024,RB,shaaar001
Austin Trammell,2024,WR,traaus001
Jonathan Ward,2024,RB,warjon001
Blake Watson,2024,RB,watbla001
Shane Zylstra,2024,TE,zylsha001
Kyle Allen,2024,QB,allkyl001
Robbie Chosen,2024,WR,chorob001
Chris Collier,2024,RB,colchr001
Jaelon Darden,2024,WR,darjae001
Tyrion Davis-Price,2024,RB,davtyr001
Zach Davidson,2024,TE,davzac001
Josiah Deguara,2024,TE,degjos001
Grant Dubose,2024,WR,dubgra001
Ross Dwelley,2024,TE,dweros001
Jody Fortson,2024,TE,forjod001
Feleipe Franks,2024,TE,frafel001
Myles Gaskin,2024,RB,gasmyl001
Reggie Gilliam,2024,RB,gilreg001
Isaiah Hodgins,2024,WR,hodisa001
George Holani,2024,RB,holgeo001
Brandon Johnson,2024,WR,johbra001
Collin Johnson,2024,WR,johcol001
Josh Johnson,2024,QB,johjos001
Kameron Johnson,2024,WR,johkam001
Brevin Jordan,2024,TE,jorbre001
Ramel Keyton,2024,WR,keyram001
David Martin-Robinson,2024,TE,mardav001
Tyreik McAllister,2024,WR,mcatyr001
Nick Mullens,2024,QB,mulnic001
Chris Oladokun,2024,QB,olachr002
Kendric Pryor,2024,WR,pryken001
John Ross,2024,WR,rosjoh001
Cody Schrader,2024,RB,schcod001
Tyler Scott,2024,WR,scotyl001
John Samuel Shenker,2024,TE,shejoh001
Jarrett Stidham,2024,QB,stijar001
Jack Stoll,2024,TE,stojac001
Geoff Swaim,2024,TE,swageo001
Trent Taylor,2024,WR,taytre001
Ian Thomas,2024,TE,thoian001
Eric Tomlinson,2024,TE,tomeri001
Mike White,2024,QB,whimik001
Isaiah Williams,2024,WR,wilisa001
Maurice Alexander,2024,WR,alemau001
Tyson Bagent,2024,QB,bagtys001
Brenden Bates,2024,TE,batbre001
Andrew Beck,2024,TE,becand001
Braxton Berrios,2024,WR,berbra001
Khari Blasingame,2024,RB,blakha001
Gary Brightwell,2024,RB,brigar001
British Brooks,2024,RB,brobri002
Jake Browning,2024,QB,brojak001
Marquez Callaway,2024,WR,calmar001
Joshua Cephus,2024,WR,cepjos001
Irvin Charles,2024,WR,chairv001
Elijah Cooks,2024,WR,cooeli001
Baylor Cupp,2024,TE,cupbay001
Kaden Davis,2024,WR,davkad001
Jeff Driskel,2024,QB,drijef001
Alex Erickson,2024,WR,eriale001
Darrynton Evans,2024,RB,evadar001
Erik Ezukanma,2024,WR,ezueri001
Princeton Fant,2024,TE,fanpri001
Anthony Firkser,2024,TE,firant001
Dez Fitzpatrick,2024,WR,fitdez001
John FitzPatrick,2024,TE,fitjoh002
Bryce Ford-Wheaton,2024,WR,forbry001
Troy Hairston,2024,RB,haitro001
Deonte Harty,2024,WR,hardeo001
Parker Hesse,2024,TE,hespar001
Evan Hull,2024,RB,huleva001
Keaontay Ingram,2024,RB,ingkea001
Jermaine Jackson,2024,WR,jacjer001
Trishton Jackson,2024,WR,jactri001
Jaylen Johnson,2024,WR,johjay001
Jakob Johnson,2024,RB,johjak001
Velus Jones Jr.,2024,WR,jrrvel001
Nikola Kalinic,2024,TE,kalnik001
John Kelly,2024,RB,keljoh001
Joshua Kelley,2024,RB,keljos001
Tom Kennedy,2024,WR,kentom001
Ko Kieft,2024,TE,kiekoo001
Zack Kuntz,2024,TE,kunzac001
Marcedes Lewis,2024,TE,lewmar001
Tyler Mabry,2024,TE,mabtyl001
Jordan Matthews,2024,TE,matjor001
Tanner McLachlan,2024,TE,mcltan002
Dante Miller,2024,RB,mildan001
Kendall Milton,2024,RB,milken002
James Mitchell,2024,TE,mitjam001
Chris Moore,2024,WR,moochr001
Skyy Moore,2024,WR,moosky001
Jalen Moreno-Cropper,2024,WR,morjal001
Nick Muse,2024,TE,musnic001
Thomas Odukoya,2024,TE,odutho001
Zach Pascal,2024,WR,paszac001
Jaret Patterson,2024,RB,patjar001
Adam Prentice,2024,RB,preada001
James Proche,2024,WR,projam001
Teagan Quitoriano,2024,TE,quitea001
Justyn Ross,2024,WR,rosjus001
Brady Russell,2024,TE,rusbra001
Justin Shorter,2024,TE,shojus001
Brandon Smith,2024,WR,smibra001
Irv Smith Jr.,2024,TE,jrrirv001
Equanimeous St. Brown,2024,WR,broequ001
Stephen Sullivan,2024,TE,sulste001
Cody Thompson,2024,WR,thocod001
Jake Tonges,2024,TE,tonjak001
Robert Tonyan,2024,TE,tonrob001
Kyle Trask,2024,QB,trakyl001
Laquon Treadwell,2024,WR,trelaq001
Brycen Tremayne,2024,WR,trebry001
C.J. Uzomah,2024,TE,uzocjj001
Ke'Shawn Vaughn,2024,RB,vaukes001
Jalen Virgil,2024,WR,virjal001
Travis Vokolek,2024,TE,voktra001
Carlos Washington,2024,RB,wascar001
Montrell Washington,2024,WR,wasmon001
Jared Wayne,2024,WR,wayjar001
Xavier Weaver,2024,WR,weaxav001
Jack Westover,2024,TE,wesjac001
Mitchell Wilcox,2024,TE,wilmit001
Avery Williams,2024,RB,wilave001
Brayden Willis,2024,TE,wilbra001
D.J. Williams,2024,RB,wildjj001
Rodney Williams,2024,TE,wilrod001
Trayveon Williams,2024,RB,wiltra001
Colson Yankoff,2024,TE,yancol001
Dareke Young,2024,WR,youdar001
Sam Howell,2024,QB,howsam001
Steven Sims,2024,WR,simste001
Kadarius Toney,2024,WR,tonkad001
Clayton Tune,2024,QB,tuncla001
49ers DST,2024,DST,dstsfo001
Jets DST,2024,DST,dstnyj001
Cowboys DST,2024,DST,dstdal001
Browns DST,2024,DST,dstcle001
Ravens DST,2024,DST,dstbal001
Chiefs DST,2024,DST,dstkan001
Bills DST,2024,DST,dstbuf001
Eagles DST,2024,DST,dstphi001
Steelers DST,2024,DST,dstpit001
Patriots DST,2024,DST,dstnwe001
Colts DST,2024,DST,dstind001
Texans DST,2024,DST,dsthtx001
Packers DST,2024,DST,dstgnb001
Broncos DST,2024,DST,dstdnv001
Bears DST,2024,DST,dstchi001
Buccaneers DST,2024,DST,dsttam001
Chargers DST,2024,DST,dstlac001
Giants DST,2024,DST,dstnyg001
Vikings DST,2024,DST,dstmin001
Saints DST,2024,DST,dstnor001
Commanders DST,2024,DST,dstwas001
Dolphins DST,2024,DST,dstmia001
Titans DST,2024,DST,dstoti001
Seahawks DST,2024,DST,dstsea001
Panthers DST,2024,DST,dstcar001
Falcons DST,2024,DST,dstatl001
Jaguars DST,2024,DST,dstjax001
Raiders DST,2024,DST,dstrai001
Rams DST,2024,DST,dstlar001
Bengals DST,2024,DST,dstcin001
Cardinals DST,2024,DST,dstari001
Lions DST,2024,DST,dstdet001