season,Name,position,position_ranking,Team,BYE,ADP,FP,Yahoo,ESPN,Sleeper,Average,AVGvADP,AVGvFP,Round,player_name,player_id,tier,pick
2024,Falcons DST,DST,1,ATL,12,,,,,,,,,,Falcons DST,dstfal001,1,108
2024,Packers DST,DST,10,GNB,6,,,,,,,,,,Packers DST,dstgnb001,3,109
2024,Steelers DST,DST,11,PIT,9,,,,,,,,,,Steelers DST,dstpit001,3,110
2024,Eagles DST,DST,12,PHI,5,,,,,,,,,,Eagles DST,dstphi001,3,111
2024,Texans DST,DST,13,HTX,14,,,,,,,,,,Texans DST,dsthtx001,4,112
2024,Bears DST,DST,14,CHI,7,,,,,,,,,,Bears DST,dstchi001,4,113
2024,Patriots DST,DST,15,NWE,14,,,,,,,,,,Patriots DST,dstnwe001,4,120
2024,Colts DST,DST,16,CLT,14,,,,,,,,,,Colts DST,dstclt001,4,121
2024,Chargers DST,DST,17,SDG,5,,,,,,,,,,Chargers DST,dstsdg001,5,122
2024,Buccaneers DST,DST,18,TAM,11,,,,,,,,,,Buccaneers DST,dsttam001,5,123
2024,Saints DST,DST,19,NOR,12,,,,,,,,,,Saints DST,dstnor001,5,124
2024,49ers DST,DST,2,SFO,9,,,,,,,,,,49ers DST,dstsfo001,1,125
2024,Seahawks DST,DST,20,SEA,10,,,,,,,,,,Seahawks DST,dstsea001,5,300
2024,Bengals DST,DST,21,CIN,12,,,,,,,,,,Bengals DST,dstcin001,,301
2024,Raiders DST,DST,22,RAI,10,,,,,,,,,,Raiders DST,dstrai001,,302
2024,Giants DST,DST,23,NYG,11,,,,,,,,,,Giants DST,dstnyg001,,303
2024,Rams DST,DST,24,RAM,6,,,,,,,,,,Rams DST,dstram001,,304
2024,Broncos DST,DST,25,DEN,9,,,,,,,,,,Broncos DST,dstden001,,305
2024,Panthers DST,DST,26,CAR,11,,,,,,,,,,Panthers DST,dstcar001,,306
2024,Titans DST,DST,27,OTI,5,,,,,,,,,,Titans DST,dstoti001,,307
2024,Vikings DST,DST,28,MIN,6,,,,,,,,,,Vikings DST,dstmin001,,308
2024,Lions DST,DST,29,DET,5,,,,,,,,,,Lions DST,dstdet001,,309
2024,Jets DST,DST,3,NYJ,7,,,,,,,,,,Jets DST,dstnyj001,1,310
2024,Jaguars DST,DST,30,JAX,12,,,,,,,,,,Jaguars DST,dstjax001,,311
2024,Commanders DST,DST,31,WAS,14,,,,,,,,,,Commanders DST,dstwas001,,312
2024,Cardinals DST,DST,32,CRD,11,,,,,,,,,,Cardinals DST,dstcrd001,,313
2024,Bills DST,DST,4,BUF,13,,,,,,,,,,Bills DST,dstbuf001,1,314
2024,Ravens DST,DST,5,BAL,13,,,,,,,,,,Ravens DST,dstbal001,2,315
2024,Chiefs DST,DST,6,KAN,10,,,,,,,,,,Chiefs DST,dstkan001,2,316
2024,Browns DST,DST,7,CLE,10,,,,,,,,,,Browns DST,dstcle001,2,317
2024,Cowboys DST,DST,8,DAL,7,,,,,,,,,,Cowboys DST,dstdal001,2,318
2024,Dolphins DST,DST,9,MIA,6,,,,,,,,,,Dolphins DST,dstmia001,3,319
2021,Christian McCaffrey,RB,RB1,CAR,13,1,1,1,1,1,1,0,0,1,Christian McCaffrey,mccchr001,,1
2021,Dalvin Cook,RB,RB2,MIN,7,2,2,2,2,2,2,0,0,1,Dalvin Cook,coodal001,,2
2021,Ezekiel Elliott,RB,RB5,DAL,7,5,5,3,3,3,3.5,-1.5,-1.5,1,Ezekiel Elliott,elleze001,,3
2021,Derrick Henry,RB,RB4,TEN,13,3,4,4,4,4,4,1,0,1,Derrick Henry,hender001,,4
2021,Alvin Kamara,RB,RB3,NO,6,4,3,5,5,5,4.5,0.5,1.5,1,Alvin Kamara,kamalv001,,5
2021,Nick Chubb,RB,RB8,CLE,13,6,10,6,6,6,7,1,-3,1,Nick Chubb,chunic001,,6
2021,Aaron Jones,RB,RB6,GB,13,7,6,7,7,7,6.75,-0.25,0.75,1,Aaron Jones,jonaar001,,7
2021,Davante Adams,WR,WR1,GB,13,9,7,8,8,8,7.75,-1.25,0.75,1,Davante Adams,adadav001,,8
2021,Tyreek Hill,WR,WR2,KC,12,11,9,9,9,9,9,-2,0,1,Tyreek Hill,hiltyr001,,9
2021,Jonathan Taylor,RB,RB9,IND,14,10,12,10,10,10,10.5,0.5,-1.5,1,Jonathan Taylor,tayjon001,,10
2021,Stefon Diggs,WR,WR3,BUF,7,14,11,11,11,11,11,-3,0,1,Stefon Diggs,digste001,,11
2021,Saquon Barkley,RB,RB7,NYG,10,8,8,12,12,12,11,3,3,1,Saquon Barkley,barsaq001,,12
2021,Austin Ekeler,RB,RB10,LAC,7,13,13,13,13,13,13,0,0,2,Austin Ekeler,ekeaus001,,13
2021,Antonio Gibson,RB,RB11,WAS,9,16,17,14,14,14,14.75,-1.25,-2.25,2,Antonio Gibson,gibant001,,14
2021,Travis Kelce,TE,TE1,KC,12,12,14,15,15,15,14.75,2.75,0.75,2,Travis Kelce,keltra001,,15
2021,Calvin Ridley,WR,WR4,ATL,6,21,15,16,16,16,15.75,-5.25,0.75,2,Calvin Ridley,ridcal001,,16
2021,DeAndre Hopkins,WR,WR5,ARI,12,17,16,17,17,17,16.75,-0.25,0.75,2,DeAndre Hopkins,hopdea001,,17
2021,Najee Harris,RB,RB12,PIT,7,15,18,18,18,18,18,3,0,2,Najee Harris,harnaj001,,18
2021,D.K. Metcalf,WR,WR6,SEA,9,20,19,19,19,19,19,-1,0,2,D.K. Metcalf,metdkk001,,19
2021,Joe Mixon,RB,RB13,CIN,10,19,20,20,20,20,20,1,0,2,Joe Mixon,mixjoe001,,20
2021,Justin Jefferson,WR,WR8,MIN,7,23,22,21,21,21,21.25,-1.75,-0.75,2,Justin Jefferson,jefjus001,,21
2021,A.J. Brown,WR,WR7,TEN,13,25,21,22,22,22,21.75,-3.25,0.75,2,A.J. Brown,broajj001,,22
2021,Darren Waller,TE,TE2,LV,8,23,23,23,23,23,23,0,0,2,Darren Waller,waldar001,,23
2021,Clyde Edwards-Helaire,RB,RB14,KC,12,22,25,24,24,24,24.25,2.25,-0.75,2,Clyde Edwards-Helaire,edwcly001,,24
2021,Allen Robinson II,WR,WR10,CHI,10,33,26,25,25,25,25.25,-7.75,-0.75,3,Allen Robinson II,iiiall001,,25
2021,Keenan Allen,WR,WR9,LAC,7,27,24,26,26,26,25.5,-1.5,1.5,3,Keenan Allen,allkee001,,26
2021,Terry McLaurin,WR,WR11,WAS,9,30,27,27,27,27,27,-3,0,3,Terry McLaurin,mclter001,,27
2021,CeeDee Lamb,WR,WR12,DAL,7,34,30,28,28,28,28.5,-5.5,-1.5,3,CeeDee Lamb,lamcee001,,28
2021,Patrick Mahomes II,QB,QB1,KC,12,18,28,29,29,29,28.75,10.75,0.75,3,Patrick Mahomes II,iiipat001,,29
2021,Chris Carson,RB,RB15,SEA,9,29,29,30,30,30,29.75,0.75,0.75,3,Chris Carson,carchr001,,30
2021,David Montgomery,RB,RB16,CHI,10,28,31,31,31,31,31,3,0,3,David Montgomery,mondav001,,31
2021,James Robinson,RB,RB18,JAX,7,38,33,32,32,32,32.25,-5.75,-0.75,3,James Robinson,robjam001,,32
2021,Mike Evans,WR,WR13,TB,9,36,35,33,33,33,33.5,-2.5,-1.5,3,Mike Evans,evamik001,,33
2021,Chris Godwin,WR,WR15,TB,9,40,37,34,34,34,34.75,-5.25,-2.25,3,Chris Godwin,godchr001,,34
2021,Josh Allen,QB,QB2,BUF,7,31,40,35,35,35,36.25,5.25,-3.75,3,Josh Allen,alljos001,,35
2021,George Kittle,TE,TE3,SF,6,26,34,36,36,36,35.5,9.5,1.5,3,George Kittle,kitgeo001,,36
2021,Cooper Kupp,WR,WR19,LAR,11,44,44,37,37,37,38.75,-5.25,-5.25,4,Cooper Kupp,kupcoo001,,37
2021,Gus Edwards,RB,RB23,BAL,8,80,49,38,38,38,40.75,-39.25,-8.25,4,Gus Edwards,edwgus001,,38
2021,Amari Cooper,WR,WR16,DAL,7,42,38,39,39,39,38.75,-3.25,0.75,4,Amari Cooper,cooama001,,39
2021,Robert Woods,WR,WR14,LAR,11,41,36,40,40,40,39,-2,3,4,Robert Woods,woorob001,,40
2021,Tyler Lockett,WR,WR20,SEA,9,48,45,41,41,41,42,-6,-3,4,Tyler Lockett,loctyl001,,41
2021,Miles Sanders,RB,RB19,PHI,14,37,39,42,42,42,41.25,4.25,2.25,4,Miles Sanders,sanmil001,,42
2021,D.J. Moore,WR,WR17,CAR,13,53,41,43,43,43,42.5,-10.5,1.5,4,D.J. Moore,moodjj001,,43
2021,Josh Jacobs,RB,RB20,LV,8,31,43,44,44,44,43.75,12.75,0.75,4,Josh Jacobs,jacjos001,,44
2021,D'Andre Swift,RB,RB17,DET,9,35,32,45,45,45,41.75,6.75,9.75,4,D'Andre Swift,swidan001,,45
2021,Brandon Aiyuk,WR,WR24,SF,6,59,60,46,46,46,49.5,-9.5,-10.5,4,Brandon Aiyuk,aiybra001,,46
2021,Kyle Pitts,TE,TE6,ATL,6,47,56,47,47,47,49.25,2.25,-6.75,4,Kyle Pitts,pitkyl001,,47
2021,Julio Jones,WR,WR18,TEN,13,43,42,48,48,48,46.5,3.5,4.5,4,Julio Jones,jonjul001,,48
2021,Lamar Jackson,QB,QB4,BAL,8,45,57,49,49,49,51,6,-6,5,Lamar Jackson,jaclam001,,49
2021,Adam Thielen,WR,WR22,MIN,7,50,52,50,50,50,50.5,0.5,-1.5,5,Adam Thielen,thiada001,,50
2021,Mike Davis,RB,RB21,ATL,6,53,47,51,51,51,50,-3,3,5,Mike Davis,davmik001,,51
2021,Damien Harris,RB,RB26,NE,14,66,58,52,52,52,53.5,-12.5,-4.5,5,Damien Harris,hardam001,,52
2021,Darrell Henderson,RB,RB22,LAR,11,46,48,53,53,53,51.75,5.75,3.75,5,Darrell Henderson,hendar001,,53
2021,Kyler Murray,QB,QB3,ARI,12,39,50,54,54,54,53,14,3,5,Kyler Murray,murkyl001,,54
2021,Mark Andrews,TE,TE4,BAL,8,52,51,55,55,55,54,2,3,5,Mark Andrews,andmar001,,55
2021,T.J. Hockenson,TE,TE5,DET,9,56,55,56,56,56,55.75,-0.25,0.75,5,T.J. Hockenson,hoctjj001,,56
2021,Dak Prescott,QB,QB5,DAL,7,57,63,57,57,57,58.5,1.5,-4.5,5,Dak Prescott,predak001,,57
2021,Tee Higgins,WR,WR23,CIN,10,65,59,58,58,58,58.25,-6.75,-0.75,5,Tee Higgins,higtee001,,58
2021,Diontae Johnson,WR,WR21,PIT,7,55,46,59,59,59,55.75,0.75,9.75,5,Diontae Johnson,johdio001,,59
2021,Trey Sermon,RB,RB30,SF,6,76,71,60,60,60,62.75,-13.25,-8.25,5,Trey Sermon,sertre001,,60
2021,Kareem Hunt,RB,RB24,CLE,13,51,53,61,61,61,59,8,6,6,Kareem Hunt,hunkar001,,61
2021,Myles Gaskin,RB,RB25,MIA,14,48,54,62,62,62,60,12,6,6,Myles Gaskin,gasmyl001,,62
2021,Chase Claypool,WR,WR25,PIT,7,67,64,63,63,63,63.25,-3.75,-0.75,6,Chase Claypool,clacha001,,63
2021,Jerry Jeudy,WR,WR27,DEN,11,73,69,64,64,64,65.25,-7.75,-3.75,6,Jerry Jeudy,jeujer001,,64
2021,Robby Anderson,WR,WR30,CAR,13,79,75,65,65,65,67.5,-11.5,-7.5,6,Robby Anderson,androb001,,65
2021,Russell Wilson,QB,QB6,SEA,9,58,65,66,66,66,65.75,7.75,0.75,6,Russell Wilson,wilrus001,,66
2021,Odell Beckham Jr.,WR,WR26,CLE,13,68,67,67,67,67,67,-1,0,6,Odell Beckham Jr.,jrrode001,,67
2021,Chase Edmonds,RB,RB28,ARI,12,62,62,68,68,68,66.5,4.5,4.5,6,Chase Edmonds,edmcha001,,68
2021,Tyler Boyd,WR,WR33,CIN,10,88,79,69,69,69,71.5,-16.5,-7.5,6,Tyler Boyd,boytyl001,,69
2021,Javonte Williams,RB,RB27,DEN,11,64,61,70,70,70,67.75,3.75,6.75,6,Javonte Williams,wiljav001,,70
2021,Raheem Mostert,RB,RB29,SF,6,63,66,71,71,71,69.75,6.75,3.75,6,Raheem Mostert,mosrah001,,71
2021,Melvin Gordon III,RB,RB31,DEN,11,75,72,72,72,72,72,-3,0,6,Melvin Gordon III,iiimel001,,72
2021,Ja'Marr Chase,WR,WR29,CIN,10,69,73,73,73,73,73,4,0,7,Ja'Marr Chase,chajam001,,73
2021,AJ Dillon,RB,RB37,GB,13,95,93,74,74,74,78.75,-16.25,-14.25,7,AJ Dillon,dilajj001,,74
2021,Logan Thomas,TE,TE8,WAS,9,77,82,75,75,75,76.75,-0.25,-5.25,7,Logan Thomas,tholog001,,75
2021,Justin Herbert,QB,QB8,LAC,7,60,74,76,76,76,75.5,15.5,1.5,7,Justin Herbert,herjus001,,76
2021,Tom Brady,QB,QB10,TB,9,71,88,77,77,77,79.75,8.75,-8.25,7,Tom Brady,bratom001,,77
2021,Tyler Higbee,TE,TE11,LAR,11,98,102,78,78,78,84,-14,-18,7,Tyler Higbee,higtyl001,,78
2021,Aaron Rodgers,QB,QB7,GB,13,60,68,79,79,79,76.25,16.25,8.25,7,Aaron Rodgers,rodaar001,,79
2021,Jalen Hurts,QB,QB11,PHI,14,88,89,80,80,80,82.25,-5.75,-6.75,7,Jalen Hurts,hurjal001,,80
2021,Ronald Jones II,RB,RB32,TB,9,72,76,81,81,81,79.75,7.75,3.75,7,Ronald Jones II,iiiron001,,81
2021,Kenny Golladay,WR,WR28,NYG,10,70,70,82,82,82,79,9,9,7,Kenny Golladay,golken001,,82
2021,JuJu Smith-Schuster,WR,WR31,PIT,7,78,77,83,83,83,81.5,3.5,4.5,7,JuJu Smith-Schuster,smijuj001,,83
2021,Antonio Brown,WR,WR38,TB,9,90,98,84,84,84,87.5,-2.5,-10.5,7,Antonio Brown,broant001,,84
2021,Courtland Sutton,WR,WR32,DEN,11,82,78,85,85,85,83.25,1.25,5.25,8,Courtland Sutton,sutcou001,,85
2021,Deebo Samuel,WR,WR35,SF,6,83,87,86,86,86,86.25,3.25,-0.75,8,Deebo Samuel,samdee001,,86
2021,Robert Tonyan,TE,TE10,GB,13,92,94,87,87,87,88.75,-3.25,-5.25,8,Robert Tonyan,tonrob001,,87
2021,Leonard Fournette,RB,RB36,TB,9,84,90,88,88,88,88.5,4.5,-1.5,8,Leonard Fournette,fouleo001,,88
2021,Zack Moss,RB,RB35,BUF,7,93,85,89,89,89,88,-5,3,8,Zack Moss,moszac001,,89
2021,James Conner,RB,RB34,ARI,12,96,83,90,90,90,88.25,-7.75,5.25,8,James Conner,conjam001,,90
2021,Ryan Tannehill,QB,QB9,TEN,13,96,84,91,91,91,89.25,-6.75,5.25,8,Ryan Tannehill,tanrya001,,91
2021,Jamaal Williams,RB,RB39,DET,9,109,101,92,92,92,94.25,-14.75,-6.75,8,Jamaal Williams,wiljam002,,92
2021,Brandin Cooks,WR,WR34,HOU,10,98,86,93,93,93,91.25,-6.75,5.25,8,Brandin Cooks,coobra001,,93
2021,Dallas Goedert,TE,TE9,PHI,14,91,92,94,94,94,93.5,2.5,1.5,8,Dallas Goedert,goedal001,,94
2021,Sony Michel,RB,RB48,LAR,11,119,133,95,95,95,104.5,-14.5,-28.5,8,Sony Michel,micson001,,95
2021,Matthew Stafford,QB,QB12,LAR,11,87,91,96,96,96,94.75,7.75,3.75,8,Matthew Stafford,stamat001,,96
2021,Noah Fant,TE,TE7,DEN,11,81,80,97,97,97,92.75,11.75,12.75,9,Noah Fant,fannoa001,,97
2021,Michael Gallup,WR,WR45,DAL,7,115,113,98,98,98,101.75,-13.25,-11.25,9,Michael Gallup,galmic001,,98
2021,DeVonta Smith,WR,WR40,PHI,14,85,100,99,99,100,99.5,14.5,-0.5,9,DeVonta Smith,smidev002,,99
2021,Kenyan Drake,RB,RB38,LV,8,104,96,100,100,101,99.25,-4.75,3.25,9,Kenyan Drake,draken001,,100
2021,Will Fuller V,WR,WR39,MIA,14,107,99,101,101,102,100.75,-6.25,1.75,9,Will Fuller V,vvvwil001,,101
2021,Corey Davis,WR,WR36,NYJ,6,102,95,102,102,103,100.5,-1.5,5.5,9,Corey Davis,davcor001,,102
2021,D.J. Chark Jr.,WR,WR37,JAX,7,93,97,103,103,104,101.75,8.75,4.75,9,D.J. Chark Jr.,jrrdjj001,,103
2021,Joe Burrow,QB,QB13,CIN,10,105,112,104,104,105,106.25,1.25,-5.75,9,Joe Burrow,burjoe001,,104
2021,Michael Carter,RB,RB33,NYJ,6,86,81,105,105,106,99.25,13.25,18.25,9,Michael Carter,carmic001,,105
2021,Laviska Shenault Jr.,WR,WR41,JAX,7,100,103,106,106,107,105.5,5.5,2.5,9,Laviska Shenault Jr.,jrrlav001,,106
2021,Matt Ryan,QB,QB14,ATL,6,124,121,107,107,108,110.75,-13.25,-10.25,9,Matt Ryan,ryamat001,,107
2021,Kirk Cousins,QB,QB16,MIN,7,138,130,109,108,109,114,-24,-16,9,Kirk Cousins,coukir001,,108
2021,Devin Singletary,RB,RB40,BUF,7,105,104,110,109,110,108.25,3.25,4.25,10,Devin Singletary,sindev001,,109
2021,Trevor Lawrence,QB,QB15,JAX,7,118,124,111,110,112,114.25,-3.75,-9.75,10,Trevor Lawrence,lawtre001,,110
2021,Tony Pollard,RB,RB42,DAL,7,116,108,112,111,114,111.25,-4.75,3.25,10,Tony Pollard,polton001,,111
2021,Mike Williams,WR,WR43,LAC,7,112,109,113,112,115,112.25,0.25,3.25,10,Mike Williams,wilmik001,,112
2021,Phillip Lindsay,RB,RB44,HOU,10,136,117,114,113,116,115,-21,-2,10,Phillip Lindsay,linphi001,,113
2021,Marvin Jones Jr.,WR,WR46,JAX,7,125,115,115,114,118,115.5,-9.5,0.5,10,Marvin Jones Jr.,jrrmar002,,114
2021,Michael Pittman Jr.,WR,WR47,IND,14,113,116,116,115,119,116.5,3.5,0.5,10,Michael Pittman Jr.,jrrmic001,,115
2021,Mike Gesicki,TE,TE12,MIA,14,110,106,117,116,121,115,5,9,10,Mike Gesicki,gesmik001,,116
2021,Nyheim Hines,RB,RB41,IND,14,122,105,118,117,122,115.5,-6.5,10.5,10,Nyheim Hines,hinnyh001,,117
2021,Gerald Everett,TE,TE17,SEA,9,165,134,119,118,123,123.5,-41.5,-10.5,10,Gerald Everett,eveger001,,118
2021,Alexander Mattison,RB,RB47,MIN,7,130,131,120,119,124,123.5,-6.5,-7.5,10,Alexander Mattison,matale001,,119
2021,Jarvis Landry,WR,WR42,CLE,13,103,107,121,120,125,118.25,15.25,11.25,10,Jarvis Landry,lanjar001,,120
2021,Jonnu Smith,TE,TE13,NE,14,134,114,122,121,126,120.75,-13.25,6.75,11,Jonnu Smith,smijon001,,121
2021,Curtis Samuel,WR,WR44,WAS,9,114,110,123,122,128,120.75,6.75,10.75,11,Curtis Samuel,samcur001,,122
2021,David Johnson,RB,RB43,HOU,10,100,111,124,123,130,122,22,11,11,David Johnson,johdav001,,123
2021,Marquise Brown,WR,WR52,BAL,8,125,126,125,124,131,126.5,1.5,0.5,11,Marquise Brown,bromar001,,124
2021,Ryan Fitzpatrick,QB,QB19,WAS,9,182,150,126,125,132,133.25,-48.75,-16.75,11,Ryan Fitzpatrick,fitrya001,,125
2021,Jakobi Meyers,WR,WR59,NE,14,143,147,127,126,134,133.5,-9.5,-13.5,11,Jakobi Meyers,meyjak001,,126
2021,Baker Mayfield,QB,QB18,CLE,13,127,142,128,127,136,133.25,6.25,-8.75,11,Baker Mayfield,maybak001,,127
2021,Darnell Mooney,WR,WR50,CHI,10,121,122,129,128,140,129.75,8.75,7.75,11,Darnell Mooney,moodar001,,128
2021,Evan Engram,TE,TE14,NYG,10,152,125,130,129,141,131.25,-20.75,6.25,11,Evan Engram,engeva001,,129
2021,Marquez Callaway,WR,WR51,NO,6,117,123,131,130,143,131.75,14.75,8.75,11,Marquez Callaway,calmar001,,130
2021,Trey Lance,QB,QB23,SF,6,131,168,132,131,145,144,13,-24,11,Trey Lance,lantre001,,131
2021,Cole Kmet,TE,TE18,CHI,10,207,138,133,132,146,137.25,-69.75,-0.75,11,Cole Kmet,kmecol001,,132
2021,Austin Hooper,TE,TE21,CLE,13,194,148,134,133,147,140.5,-53.5,-7.5,12,Austin Hooper,hooaus001,,133
2021,Mecole Hardman,WR,WR54,KC,12,120,137,135,134,148,138.5,18.5,1.5,12,Mecole Hardman,harmec001,,134
2021,Giovani Bernard,RB,RB49,TB,9,151,135,136,135,150,139,-12,4,12,Giovani Bernard,bergio001,,135
2021,Hunter Henry,TE,TE16,NE,14,139,132,137,136,151,139,0,7,12,Hunter Henry,henhun001,,136
2021,Justin Fields,QB,QB21,CHI,10,129,154,138,137,152,145.25,16.25,-8.75,12,Justin Fields,fiejus001,,137
2021,Jaylen Waddle,WR,WR48,MIA,14,111,118,139,138,153,137,26,19,12,Jaylen Waddle,wadjay001,,138
2021,Ben Roethlisberger,QB,QB20,PIT,7,148,152,141,139,154,146.5,-1.5,-5.5,12,Ben Roethlisberger,roeben001,,139
2021,Rob Gronkowski,TE,TE15,TB,9,108,128,142,140,155,141.25,33.25,13.25,12,Rob Gronkowski,grorob001,,140
2021,James White,RB,RB45,NE,14,146,119,143,141,156,139.75,-6.25,20.75,12,James White,whijam001,,141
2021,J.D. McKissic,RB,RB46,WAS,9,135,129,144,142,157,143,8,14,12,J.D. McKissic,mckjdd001,,142
2021,Daniel Jones,QB,QB24,NYG,10,203,169,145,143,159,154,-49,-15,12,Daniel Jones,jondan001,,143
2021,Michael Thomas,WR,WR49,NO,6,74,120,147,144,166,144.25,70.25,24.25,12,Michael Thomas,thomic001,,144
2021,Elijah Moore,WR,WR57,NYJ,6,133,144,148,145,167,151,18,7,13,Elijah Moore,mooeli001,,145
2021,Tua Tagovailoa,QB,QB17,MIA,14,149,136,150,146,168,150,1,14,13,Tua Tagovailoa,tagtua001,,146
2021,Rashaad Penny,RB,RB52,SEA,9,147,155,151,147,169,155.5,8.5,0.5,13,Rashaad Penny,penras001,,147
2021,Carlos Hyde,RB,RB55,JAX,7,232,181,152,148,170,162.75,-69.25,-18.25,13,Carlos Hyde,hydcar001,,148
2021,DeVante Parker,WR,WR53,MIA,14,141,127,154,149,171,150.25,9.25,23.25,13,DeVante Parker,pardev001,,149
2021,Malcolm Brown,RB,RB54,MIA,14,195,178,155,150,172,163.75,-31.25,-14.25,13,Malcolm Brown,bromal001,,150
2021,Jared Cook,TE,TE19,LAC,7,154,139,156,151,173,154.75,0.75,15.75,13,Jared Cook,coojar001,,151
2021,Cole Beasley,WR,WR58,BUF,7,132,145,157,152,175,157.25,25.25,12.25,13,Cole Beasley,beacol001,,152
2021,Derek Carr,QB,QB22,LV,8,168,161,158,153,176,162,-6,1,13,Derek Carr,carder001,,153
2021,Henry Ruggs III,WR,WR56,LV,8,123,141,161,154,177,158.25,35.25,17.25,13,Henry Ruggs III,iiihen001,,154
2021,Blake Jarwin,TE,TE20,DAL,7,192,146,162,155,178,160.25,-31.75,14.25,13,Blake Jarwin,jarbla001,,155
2021,Sterling Shepard,WR,WR61,NYG,10,161,153,163,156,180,163,2,10,13,Sterling Shepard,sheste001,,156
2021,Anthony Firkser,TE,TE23,TEN,13,204,160,164,157,184,166.25,-37.75,6.25,14,Anthony Firkser,firant001,,157
2021,Ty Johnson,RB,RB67,NYJ,6,177,205,165,159,185,178.5,1.5,-26.5,14,Ty Johnson,johtyy001,,158
2021,Tevin Coleman,RB,RB50,NYJ,6,142,143,166,160,186,163.75,21.75,20.75,14,Tevin Coleman,coltev001,,159
2021,Latavius Murray,RB,RB51,NO,6,128,149,167,161,187,166,38,17,14,Latavius Murray,murlat001,,160
2021,Jalen Reagor,WR,WR62,PHI,14,167,156,170,162,188,169,2,13,14,Jalen Reagor,reajal001,,161
2021,Russell Gage,WR,WR55,ATL,6,137,140,172,163,189,166,29,26,14,Russell Gage,gagrus001,,162
2021,Darrel Williams,RB,RB53,KC,12,187,177,174,164,190,176.25,-10.75,-0.75,14,Darrel Williams,wildar001,,163
2021,Rhamondre Stevenson,RB,RB57,NE,14,149,183,175,165,191,178.5,29.5,-4.5,14,Rhamondre Stevenson,sterha001,,164
2021,Emmanuel Sanders,WR,WR68,BUF,7,173,166,176,166,192,175,2,9,14,Emmanuel Sanders,sanemm001,,165
2021,Marlon Mack,RB,RB61,IND,14,159,192,177,167,193,182.25,23.25,-9.75,14,Marlon Mack,macmar001,,166
2021,Sam Darnold,QB,QB28,CAR,13,214,180,178,168,194,180,-34,0,14,Sam Darnold,darsam001,,167
2021,Nelson Agholor,WR,WR60,NE,14,157,151,179,194,195,179.75,22.75,28.75,14,Nelson Agholor,aghnel001,,168
2021,Zach Ertz,TE,TE22,PHI,14,140,158,180,196,196,182.5,42.5,24.5,15,Zach Ertz,ertzac001,,169
2021,Jamison Crowder,WR,WR69,NYJ,6,169,167,181,197,197,185.5,16.5,18.5,15,Jamison Crowder,crojam001,,170
2021,Darrynton Evans,RB,RB62,TEN,13,210,193,182,198,198,192.75,-17.25,-0.25,15,Darrynton Evans,evadar001,,171
2021,Terrace Marshall Jr.,WR,WR73,CAR,13,155,175,183,199,200,189.25,34.25,14.25,15,Terrace Marshall Jr.,jrrter001,,172
2021,Tarik Cohen,RB,RB59,CHI,10,199,188,184,200,201,193.25,-5.75,5.25,15,Tarik Cohen,cohtar001,,173
2021,Bryan Edwards,WR,WR66,LV,8,158,164,186,201,202,188.25,30.25,24.25,15,Bryan Edwards,edwbry001,,174
2021,Rashod Bateman,WR,WR65,BAL,8,171,163,187,202,208,190,19,27,15,Rashod Bateman,batras001,,175
2021,Justin Jackson,RB,RB65,LAC,7,226,200,188,203,209,200,-26,0,15,Justin Jackson,jacjus001,,176
2021,Chuba Hubbard,RB,RB63,CAR,13,145,195,189,204,210,199.5,54.5,4.5,15,Chuba Hubbard,hubchu001,,177
2021,John Brown,WR,WR83,LV,8,195,204,190,205,211,202.5,7.5,-1.5,15,John Brown,brojoh001,,178
2021,Rondale Moore,WR,WR67,ARI,12,153,165,191,206,212,193.5,40.5,28.5,15,Rondale Moore,mooron001,,179
2021,Jameis Winston,QB,QB25,NO,6,164,172,192,207,213,196,32,24,15,Jameis Winston,winjam001,,180
2021,Carson Wentz,QB,QB26,IND,14,223,176,194,208,214,198,-25,22,16,Carson Wentz,wencar001,,181
2021,Boston Scott,RB,RB64,PHI,14,213,199,198,211,215,205.75,-7.25,6.75,16,Boston Scott,scobos001,,182
2021,Tre'Quan Smith,WR,WR64,NO,6,176,159,199,212,216,196.5,20.5,37.5,16,Tre'Quan Smith,smitre001,,183
2021,Marquez Valdes-Scantling,WR,WR79,GB,13,218,194,202,213,217,206.5,-11.5,12.5,16,Marquez Valdes-Scantling,valmar001,,184
2021,Teddy Bridgewater,QB,QB30,DEN,11,193,213,203,214,218,212,19,-1,16,Teddy Bridgewater,brited001,,185
2021,Tyrell Williams,WR,WR77,DET,9,181,189,204,215,219,206.75,25.75,17.75,16,Tyrell Williams,wiltyr001,,186
2021,Salvon Ahmed,RB,RB58,MIA,14,209,186,206,216,220,207,-2,21,16,Salvon Ahmed,ahmsal001,,187
2021,T.Y. Hilton,WR,WR71,IND,14,172,171,208,219,221,204.75,32.75,33.75,16,T.Y. Hilton,hiltyy001,,188
2021,Darius Slayton,WR,WR76,NYG,10,231,187,209,220,222,209.5,-21.5,22.5,16,Darius Slayton,sladar001,,189
2021,Adam Trautman,TE,TE24,NO,6,182,162,211,225,223,205.25,23.25,43.25,16,Adam Trautman,traada001,,190
2021,Jared Goff,QB,QB29,DET,9,188,198,212,226,225,215.25,27.25,17.25,16,Jared Goff,gofjar001,,191
2021,Dan Arnold,TE,TE29,CAR,13,238,216,214,227,226,220.75,-17.25,4.75,16,Dan Arnold,arndan001,,192
2021,Christian Kirk,WR,WR72,ARI,12,178,174,215,228,233,212.5,34.5,38.5,17,Christian Kirk,kirchr001,,193
2021,Devontae Booker,RB,RB69,NYG,10,174,215,216,229,239,224.75,50.75,9.75,17,Devontae Booker,boodev001,,194
2021,Damien Williams,RB,RB60,CHI,10,178,190,217,230,240,219.25,41.25,29.25,17,Damien Williams,wildam001,,195
2021,Kenneth Gainwell,RB,RB56,PHI,14,156,182,219,231,241,218.25,62.25,36.25,17,Kenneth Gainwell,gaiken001,,196
2021,Mark Ingram II,RB,RB66,HOU,10,190,202,223,239,243,226.75,36.75,24.75,17,Mark Ingram II,iiimar001,,197
2021,Gabriel Davis,WR,WR63,BUF,7,184,157,227,240,244,217,33,60,17,Gabriel Davis,davgab001,,198
2021,Dawson Knox,TE,TE27,BUF,7,204,207,229,243,246,231.25,27.25,24.25,17,Dawson Knox,knodaw001,,199
2021,Amon-Ra St. Brown,WR,WR75,DET,9,170,185,230,244,247,226.5,56.5,41.5,17,Amon-Ra St. Brown,broamo001,,200
2021,Parris Campbell,WR,WR70,IND,14,217,170,232,245,249,224,7,54,17,Parris Campbell,campar001,,201
2021,DeSean Jackson,WR,WR87,LAR,11,266,212,233,246,250,235.25,-30.75,23.25,17,DeSean Jackson,jacdes001,,202
2021,Zach Wilson,QB,QB27,NYJ,6,178,179,235,247,252,228.25,50.25,49.25,17,Zach Wilson,wilzac001,,203
2021,KJ Hamler,WR,WR82,DEN,11,279,201,239,249,254,235.75,-43.25,34.75,17,KJ Hamler,hamkjj001,,204
2021,A.J. Green,WR,WR74,ARI,12,163,184,243,258,,228.33,,,18,A.J. Green,greajj001,,205
2021,Allen Lazard,WR,WR80,GB,13,212,196,246,266,,236,,,18,Allen Lazard,lazall001,,206
2021,Tim Patrick,WR,WR88,DEN,11,299,214,250,268,,244,,,18,Tim Patrick,pattim001,,207
2021,Randall Cobb,WR,WR78,GB,13,166,191,253,269,,237.67,,,18,Randall Cobb,cobran001,,208
2021,Sammy Watkins,WR,WR81,BAL,8,211,197,254,270,,240.33,,,18,Sammy Watkins,watsam001,,209
2021,Hayden Hurst,TE,TE26,ATL,6,202,203,255,272,,243.33,,,18,Hayden Hurst,hurhay001,,210
2021,Josh Reynolds,WR,WR86,TEN,13,301,211,265,274,,250,,,18,Josh Reynolds,reyjos001,,211
2021,Eric Ebron,TE,TE25,PIT,7,214,173,272,275,,240,,,18,Eric Ebron,ebreri001,,212
2021,Joshua Kelley,RB,RB68,LAC,7,249,206,273,289,,256,,,18,Joshua Kelley,keljos001,,213
2021,Van Jefferson,WR,WR84,LAR,11,284,208,274,292,,258,,,18,Van Jefferson,jefvan001,,214
2021,O.J. Howard,TE,TE28,TB,9,222,210,295,293,,266,,,18,O.J. Howard,howojj001,,215
2021,Hunter Renfrow,WR,WR85,LV,8,292,209,318,,,263.5,,,18,Hunter Renfrow,renhun001,,216
2022,Jonathan Taylor,RB,,IND,14,1,1,1,1,1,1,0,0,1,Jonathan Taylor,tayjon001,,1
2022,Christian McCaffrey,RB,,CAR,13,2,2,2,4,2,2.7,0.33,0.33,,Christian McCaffrey,mccchr001,1,2
2022,Austin Ekeler,RB,,LAC,8,3,3,5,7,4,5.3,0.78,0.78,,Austin Ekeler,ekeaus001,,3
2022,Justin Jefferson,WR,,MIN,7,7,4,3,5,8,5.3,-0.24,0.33,,Justin Jefferson,jefjus001,,4
2022,Dalvin Cook,RB,,MIN,7,6,5,6,10,5,7,0.17,0.4,,Dalvin Cook,coodal001,,5
2022,Cooper Kupp,WR,,LAR,7,5,6,4,3,7,4.7,-0.07,-0.22,,Cooper Kupp,kupcoo001,,6
2022,Derrick Henry,RB,,TEN,6,4,7,8,2,3,4.3,0.08,-0.38,,Derrick Henry,hender001,,7
2022,Ja'Marr Chase,WR,,CIN,10,9,8,7,6,10,7.7,-0.15,-0.04,,Ja'Marr Chase,chajam001,,8
2022,Joe Mixon,RB,,CIN,10,10,9,11,9,9,9.7,-0.03,0.07,,Joe Mixon,mixjoe001,,9
2022,Najee Harris,RB,,PIT,9,8,10,13,8,6,9,0.13,-0.1,,Najee Harris,harnaj001,,10
2022,Stefon Diggs,WR,,BUF,7,12,11,9,12,14,11.7,-0.03,0.06,,Stefon Diggs,digste001,,11
2022,D'Andre Swift,RB,,DET,6,14,12,16,22,12,16.7,0.19,0.39,,D'Andre Swift,swidan001,,12
2022,Travis Kelce,TE,,KC,8,13,13,19,21,13,17.7,0.36,0.36,2,Travis Kelce,keltra001,,13
2022,Alvin Kamara,RB,,NO,14,18,14,17,14,15,15.3,-0.15,0.1,,Alvin Kamara,kamalv001,,14
2022,Davante Adams,WR,,LV,6,11,15,12,13,11,12,0.09,-0.2,,Davante Adams,adadav001,,15
2022,Saquon Barkley,RB,,NYG,9,19,16,14,33,17,21.3,0.12,0.33,,Saquon Barkley,barsaq001,,16
2022,CeeDee Lamb,WR,,DAL,9,17,17,10,16,19,15,-0.12,-0.12,,CeeDee Lamb,lamcee001,,17
2022,Aaron Jones,RB,,GB,14,15,18,15,28,18,20.3,0.36,0.13,,Aaron Jones,jonaar001,,18
2022,Leonard Fournette,RB,,TB,11,22,19,18,15,25,19.3,-0.12,0.02,,Leonard Fournette,fouleo001,,19
2022,Nick Chubb,RB,,CLE,9,16,20,21,20,16,19,0.19,-0.05,,Nick Chubb,chunic001,,20
2022,Mark Andrews,TE,,BAL,10,26,21,24,19,24,22.3,-0.14,0.06,,Mark Andrews,andmar001,,21
2022,Deebo Samuel,WR,,SF,9,23,22,26,11,23,20,-0.13,-0.09,,Deebo Samuel,samdee001,,22
2022,Javonte Williams,RB,,DEN,9,24,23,23,18,22,21,-0.13,-0.09,,Javonte Williams,wiljav001,,23
2022,Mike Evans,WR,,TB,11,25,24,20,25,26,23.7,-0.05,-0.01,,Mike Evans,evamik001,,24
2022,Tyreek Hill,WR,,MIA,11,21,25,22,17,20,19.7,-0.06,-0.21,3,Tyreek Hill,hiltyr001,,25
2022,A.J. Brown,WR,,PHI,7,30,26,28,30,28,28.7,-0.04,0.1,,A.J. Brown,broajj001,,26
2022,Tee Higgins,WR,,CIN,10,32,27,27,24,33,28,-0.13,0.04,,Tee Higgins,higtee001,,27
2022,James Conner,RB,,ARI,13,28,28,30,23,30,27.7,-0.01,-0.01,,James Conner,conjam001,,28
2022,Michael Pittman,WR,,IND,14,31,29,25,32,34,30.3,-0.02,0.05,,Michael Pittman,pitmic001,,29
2022,Keenan Allen,WR,,LAC,8,28,30,31,27,29,29,0.04,-0.03,,Keenan Allen,allkee001,,30
2022,Ezekiel Elliott,RB,,DAL,9,27,31,32,39,27,32.7,0.21,0.05,,Ezekiel Elliott,elleze001,,31
2022,Kyle Pitts,TE,,ATL,14,33,32,33,38,31,34,0.03,0.06,,Kyle Pitts,pitkyl001,,32
2022,DJ Moore,WR,,CAR,13,37,33,29,26,42,32.3,-0.13,-0.02,,DJ Moore,moodjj002,,33
2022,Josh Allen,QB,,BUF,7,20,34,35,43,21,33,0.65,-0.03,,Josh Allen,alljos001,,34
2022,Travis Etienne,RB,,JAX,11,42,35,36,48,40,41.3,-0.02,0.18,,Travis Etienne,etitra001,,35
2022,Mike Williams,WR,,LAC,8,42,36,38,31,43,37.3,-0.11,0.04,,Mike Williams,wilmik001,,36
2022,Courtland Sutton,WR,,DEN,9,45,37,40,35,45,40,-0.11,0.08,4,Courtland Sutton,sutcou001,,37
2022,Breece Hall,RB,,NYJ,10,37,38,37,41,39,39,0.05,0.03,,Breece Hall,halbre001,,38
2022,David Montgomery,RB,,CHI,14,37,39,58,40,38,45.3,0.23,0.16,,David Montgomery,mondav001,,39
2022,Diontae Johnson,WR,,PIT,9,47,40,42,36,44,40.7,-0.13,0.02,,Diontae Johnson,johdio001,,40
2022,Terry McLaurin,WR,,WAS,14,41,41,39,34,41,38,-0.07,-0.07,,Terry McLaurin,mclter001,,41
2022,Justin Herbert,QB,,LAC,8,35,42,52,54,35,47,0.34,0.12,,Justin Herbert,herjus001,,42
2022,Jaylen Waddle,WR,,MIA,11,49,43,45,37,49,43.7,-0.11,0.02,,Jaylen Waddle,wadjay001,,43
2022,Cam Akers,RB,,LAR,7,36,44,59,29,37,41.7,0.16,-0.05,,Cam Akers,akecam001,,44
2022,Brandin Cooks,WR,,HOU,6,61,45,55,47,61,54.3,-0.11,0.21,,Brandin Cooks,coobra001,,45
2022,AJ Dillon,RB,,GB,14,55,46,43,104,57,68,0.24,0.48,,AJ Dillon,dilajj001,,46
2022,Patrick Mahomes,QB,,KC,8,33,47,56,53,32,47,0.42,0,,Patrick Mahomes,mahpat001,,47
2022,Elijah Mitchell,RB,,SF,9,48,48,34,56,56,48.7,0.01,0.01,,Elijah Mitchell,miteli001,,48
2022,George Kittle,TE,,SF,9,40,49,49,61,36,48.7,0.22,-0.01,5,George Kittle,kitgeo001,,49
2022,Allen Robinson,WR,,LAR,7,51,50,41,64,54,53,0.04,0.06,,Allen Robinson,roball001,,50
2022,DK Metcalf,WR,,SEA,11,53,51,50,46,50,48.7,-0.08,-0.05,,DK Metcalf,metdkk002,,51
2022,Lamar Jackson,QB,,BAL,10,44,52,46,62,48,52,0.18,0,,Lamar Jackson,jaclam001,,52
2022,J.K. Dobbins,RB,,BAL,10,52,53,54,42,51,49,-0.06,-0.08,,J.K. Dobbins,dobjkk001,,53
2022,Josh Jacobs,RB,,LV,6,50,54,62,55,47,54.7,0.09,0.01,,Josh Jacobs,jacjos001,,54
2022,Darren Waller,TE,,LV,6,45,55,51,60,46,52.3,0.16,-0.05,,Darren Waller,waldar001,,55
2022,Marquise Brown,WR,,ARI,13,66,56,69,44,58,57,-0.14,0.02,,Marquise Brown,bromar001,,56
2022,Darnell Mooney,WR,,CHI,14,79,57,71,50,72,64.3,-0.19,0.13,,Darnell Mooney,moodar001,,57
2022,Antonio Gibson,RB,,WAS,14,55,58,73,82,53,69.3,0.26,0.2,,Antonio Gibson,gibant001,,58
2022,Kyler Murray,QB,,ARI,13,55,59,70,63,55,62.7,0.14,0.06,,Kyler Murray,murkyl001,,59
2022,Gabriel Davis,WR,,BUF,7,66,60,53,49,71,57.7,-0.13,-0.04,,Gabriel Davis,davgab001,,60
2022,Jerry Jeudy,WR,,DEN,9,59,61,63,45,52,53.3,-0.1,-0.13,6,Jerry Jeudy,jeujer001,,61
2022,Chase Edmonds,RB,,MIA,11,77,62,44,84,84,70.7,-0.08,0.14,,Chase Edmonds,edmcha001,,62
2022,Jalen Hurts,QB,,PHI,7,60,63,64,76,65,68.3,0.14,0.08,,Jalen Hurts,hurjal001,,63
2022,Rashod Bateman,WR,,BAL,10,77,64,60,71,77,69.3,-0.1,0.08,,Rashod Bateman,batras001,,64
2022,Dalton Schultz,TE,,DAL,9,58,65,61,77,60,66,0.14,0.02,,Dalton Schultz,schdal001,,65
2022,Michael Thomas,WR,,NO,14,68,66,81,66,67,71.3,0.05,0.08,,Michael Thomas,thomic001,,66
2022,Chris Godwin,WR,,TB,11,76,67,88,51,64,67.7,-0.11,0.01,,Chris Godwin,godchr001,,67
2022,Damien Harris,RB,,NE,10,70,68,67,79,74,73.3,0.05,0.08,,Damien Harris,hardam001,,68
2022,Amon-Ra St. Brown,WR,,DET,6,65,69,47,52,66,55,-0.15,-0.2,,Amon-Ra St. Brown,broamo001,,69
2022,Clyde Edwards-Helaire,RB,,KC,8,63,70,72,59,63,64.7,0.03,-0.08,,Clyde Edwards-Helaire,edwcly001,,70
2022,JuJu Smith-Schuster,WR,,KC,8,62,71,57,67,70,64.7,0.04,-0.09,,JuJu Smith-Schuster,smijuj001,,71
2022,Rashaad Penny,RB,,SEA,11,84,72,68,105,89,87.3,0.04,0.21,,Rashaad Penny,penras001,,72
2022,Elijah Moore,WR,,NYJ,10,92,73,66,68,90,74.7,-0.19,0.02,7,Elijah Moore,mooeli001,,73
2022,Amari Cooper,WR,,CLE,9,73,74,85,65,62,70.7,-0.03,-0.05,,Amari Cooper,cooama001,,74
2022,Dameon Pierce,RB,,HOU,6,92,75,48,80,94,74,-0.2,-0.01,,Dameon Pierce,piedam001,,75
2022,Joe Burrow,QB,,CIN,10,54,76,65,93,59,72.3,0.34,-0.05,,Joe Burrow,burjoe001,,76
2022,Miles Sanders,RB,,PHI,7,75,77,83,57,73,71,-0.05,-0.08,,Miles Sanders,sanmil001,,77
2022,Kareem Hunt,RB,,CLE,9,83,78,92,83,76,83.7,0.01,0.07,,Kareem Hunt,hunkar001,,78
2022,Rhamondre Stevenson,RB,,NE,10,89,79,78,81,97,85.3,-0.04,0.08,,Rhamondre Stevenson,sterha001,,79
2022,Tony Pollard,RB,,DAL,9,82,80,75,85,81,80.3,-0.02,0,,Tony Pollard,polton001,,80
2022,Adam Thielen,WR,,MIN,7,72,81,80,70,68,72.7,0.01,-0.1,,Adam Thielen,thiada001,,81
2022,Dallas Goedert,TE,,PHI,7,69,82,74,87,78,79.7,0.15,-0.03,,Dallas Goedert,goedal001,,82
2022,Tom Brady,QB,,TB,11,70,83,82,90,82,84.7,0.21,0.02,,Tom Brady,bratom001,,83
2022,T.J. Hockenson,TE,,DET,6,63,84,95,78,69,80.7,0.28,-0.04,,T.J. Hockenson,hoctjj001,,84
2022,Russell Wilson,QB,,DEN,9,73,85,89,92,75,85.3,0.17,0,8,Russell Wilson,wilrus001,,85
2022,Devin Singletary,RB,,BUF,7,80,86,76,58,83,72.3,-0.1,-0.16,,Devin Singletary,sindev001,,86
2022,Cordarrelle Patterson,RB,,ATL,14,86,87,94,86,79,86.3,0,-0.01,,Cordarrelle Patterson,patcor001,,87
2022,Brandon Aiyuk,WR,,SF,9,96,88,77,73,95,81.7,-0.15,-0.07,,Brandon Aiyuk,aiybra001,,88
2022,Dak Prescott,QB,,DAL,9,84,89,96,89,92,92.3,0.1,0.04,,Dak Prescott,predak001,,89
2022,Melvin Gordon,RB,,DEN,9,98,90,87,107,101,98.3,0,0.09,,Melvin Gordon,gormel001,,90
2022,DeVonta Smith,WR,,PHI,7,94,91,91,69,86,82,-0.13,-0.1,,DeVonta Smith,smidev002,,91
2022,Allen Lazard,WR,,GB,14,97,92,90,74,93,85.7,-0.12,-0.07,,Allen Lazard,lazall001,,92
2022,Drake London,WR,,ATL,14,101,93,102,95,87,94.7,-0.06,0.02,,Drake London,londra001,,93
2022,Trey Lance,QB,,SF,9,98,94,84,103,105,97.3,-0.01,0.04,,Trey Lance,lantre001,,94
2022,Christian Kirk,WR,,JAX,11,102,95,86,75,106,89,-0.13,-0.06,,Christian Kirk,kirchr001,,95
2022,Hunter Renfrow,WR,,LV,6,87,96,79,72,88,79.7,-0.08,-0.17,,Hunter Renfrow,renhun001,,96
2022,Zach Ertz,TE,,ARI,13,91,97,110,88,96,98,0.08,0.01,9,Zach Ertz,ertzac001,,97
2022,Tyler Lockett,WR,,SEA,11,102,98,103,97,104,101.3,-0.01,0.03,,Tyler Lockett,loctyl001,,98
2022,Aaron Rodgers,QB,,GB,14,89,99,109,91,98,99.3,0.12,0,,Aaron Rodgers,rodaar001,,99
2022,Matthew Stafford,QB,,LAR,7,98,100,100,94,108,100.7,0.03,0.01,,Matthew Stafford,stamat001,,100
2022,DeAndre Hopkins,WR,,ARI,13,88,101,106,101,80,95.7,0.09,-0.05,,DeAndre Hopkins,hopdea001,,101
2022,Ken Walker,RB,,SEA,11,95,102,117,118,85,106.7,0.12,0.05,,Ken Walker,walken001,,102
2022,Robert Woods,WR,,TEN,6,106,103,97,102,107,102,-0.04,-0.01,,Robert Woods,woorob001,,103
2022,Dawson Knox,TE,,BUF,7,81,104,93,109,91,97.7,0.21,-0.06,,Dawson Knox,knodaw001,,104
2022,Michael Carter,RB,,NYJ,10,111,105,98,108,116,107.3,-0.03,0.02,,Michael Carter,carmic001,,105
2022,Darrell Henderson,RB,,LAR,7,112,106,99,164,121,128,0.14,0.21,,Darrell Henderson,hendar001,,106
2022,James Cook,RB,,BUF,7,102,107,105,161,102,122.7,0.2,0.15,,James Cook,coojam001,,107
2022,Kadarius Toney,WR,,NYG,9,114,108,107,98,115,106.7,-0.06,-0.01,,Kadarius Toney,tonkad001,,108
2022,Kirk Cousins,QB,,MIN,7,117,109,104,123,139,122,0.04,0.12,10,Kirk Cousins,coukir001,,109
2022,Cole Kmet,TE,,CHI,14,113,110,101,110,120,110.3,-0.02,0,,Cole Kmet,kmecol001,,110
2022,Pat Freiermuth,TE,,PIT,9,105,111,115,124,109,116,0.1,0.05,,Pat Freiermuth,frepat001,,111
2022,Derek Carr,QB,,LV,6,107,112,111,122,122,118.3,0.11,0.06,,Derek Carr,carder001,,112
2022,Chris Olave,WR,,NO,14,108,113,114,99,99,104,-0.04,-0.08,,Chris Olave,olachr001,,113
2022,Nyheim Hines,RB,,IND,14,121,114,108,121,125,118,-0.02,0.04,,Nyheim Hines,hinnyh001,,114
2022,James Robinson,RB,,JAX,11,109,115,126,106,114,115.3,0.06,0,,James Robinson,robjam001,,115
2022,Treylon Burks,WR,,TEN,6,125,116,150,130,103,127.7,0.02,0.1,,Treylon Burks,burtre001,,116
2022,Chase Claypool,WR,,PIT,9,118,117,131,100,110,113.7,-0.04,-0.03,,Chase Claypool,clacha001,,117
2022,Alexander Mattison,RB,,MIN,7,116,118,118,166,117,133.7,0.15,0.13,,Alexander Mattison,matale001,,118
2022,Kenneth Gainwell,RB,,PHI,7,139,119,128,162,137,142.3,0.02,0.2,,Kenneth Gainwell,gaiken001,,119
2022,Tyler Boyd,WR,,CIN,10,131,120,132,114,128,124.7,-0.05,0.04,,Tyler Boyd,boytyl001,,120
2022,Garrett Wilson,WR,,NYJ,10,123,121,182,111,113,135.3,0.1,0.12,11,Garrett Wilson,wilgar001,,121
2022,Russell Gage,WR,,TB,11,124,122,113,112,158,127.7,0.03,0.05,,Russell Gage,gagrus001,,122
2022,Jakobi Meyers,WR,,NE,10,171,123,124,113,178,138.3,-0.19,0.12,,Jakobi Meyers,meyjak001,,123
2022,Tua Tagovailoa,QB,,MIA,11,134,124,125,128,153,135.3,0.01,0.09,,Tua Tagovailoa,tagtua001,,124
2022,Skyy Moore,WR,,KC,8,128,125,168,117,112,132.3,0.03,0.06,,Skyy Moore,moosky001,,125
2022,J.D. McKissic,RB,,WAS,14,170,126,145,163,176,161.3,-0.05,0.28,,J.D. McKissic,mckjdd001,,126
2022,Hunter Henry,TE,,NE,10,129,127,135,125,144,134.7,0.04,0.06,,Hunter Henry,henhun001,,127
2022,Khalil Herbert,RB,,CHI,14,146,128,122,167,152,147,0.01,0.15,,Khalil Herbert,herkha001,,128
2022,Justin Fields,QB,,CHI,14,143,129,119,129,168,138.7,-0.03,0.07,,Justin Fields,fiejus001,,129
2022,Marquez Valdes-Scantling,WR,,KC,8,126,130,156,96,124,125.3,-0.01,-0.04,,Marquez Valdes-Scantling,valmar001,,130
2022,Jamaal Williams,RB,,DET,6,153,131,121,165,157,147.7,-0.03,0.13,,Jamaal Williams,wiljam002,,131
2022,Raheem Mostert,RB,,MIA,11,135,132,130,119,171,140,0.04,0.06,,Raheem Mostert,mosrah001,,132
2022,George Pickens,WR,,PIT,9,109,133,116,173,118,135.7,0.24,0.02,12,George Pickens,picgeo001,,133
2022,Irv Smith,TE,,MIN,7,179,134,133,138,177,149.3,-0.17,0.11,,Irv Smith,smiirv001,,134
2022,Mike Gesicki,TE,,MIA,11,115,135,158,126,123,135.7,0.18,0,,Mike Gesicki,gesmik001,,135
2022,DeVante Parker,WR,,NE,10,141,136,134,136,146,138.7,-0.02,0.02,,DeVante Parker,pardev001,,136
2022,Albert Okwuegbunam,TE,,DEN,9,122,137,146,214,149,169.7,0.39,0.24,,Albert Okwuegbunam,okwalb001,,137
2022,Trevor Lawrence,QB,,JAX,11,164,138,112,127,170,136.3,-0.17,-0.01,,Trevor Lawrence,lawtre001,,138
2022,Jarvis Landry,WR,,NO,14,130,139,141,132,147,140,0.08,0.01,,Jarvis Landry,lanjar001,,139
2022,Michael Gallup,WR,,DAL,9,153,140,231,116,141,162.7,0.06,0.16,,Michael Gallup,galmic001,,140
2022,Rondale Moore,WR,,ARI,13,152,141,147,174,155,158.7,0.04,0.13,,Rondale Moore,mooron001,,141
2022,Tyler Allgeier,RB,,ATL,14,138,142,155,169,150,158,0.14,0.11,,Tyler Allgeier,alltyl001,,142
2022,DJ Chark,WR,,DET,6,157,143,143,115,174,144,-0.08,0.01,,DJ Chark,chadjj001,,143
2022,David Njoku,TE,,CLE,9,148,144,120,137,166,141,-0.05,-0.02,,David Njoku,njodav001,,144
2022,Rachaad White,RB,,TB,11,135,145,123,193,148,154.7,0.15,0.07,13,Rachaad White,whirac001,,145
2022,Jahan Dotson,WR,,WAS,14,144,146,164,131,154,149.7,0.04,0.03,,Jahan Dotson,dotjah001,,146
2022,Noah Fant,TE,,SEA,11,185,147,192,139,200,177,-0.04,0.2,,Noah Fant,fannoa001,,147
2022,Julio Jones,WR,,TB,11,120,148,140,177,127,148,0.23,0,,Julio Jones,jonjul001,,148
2022,Jameis Winston,QB,,NO,14,160,149,162,188,186,178.7,0.12,0.2,,Jameis Winston,winjam001,,149
2022,Gerald Everett,TE,,LAC,8,190,150,151,247,204,200.7,0.06,0.34,,Gerald Everett,eveger001,,150
2022,Kenny Golladay,WR,,NYG,9,155,151,177,171,180,176,0.14,0.17,,Kenny Golladay,golken001,,151
2022,Matt Ryan,QB,,IND,14,174,152,144,243,188,191.7,0.1,0.26,,Matt Ryan,ryamat001,,152
2022,Robert Tonyan,TE,,GB,14,181,153,187,246,190,207.7,0.15,0.36,,Robert Tonyan,tonrob001,,153
2022,Tyler Higbee,TE,,LAR,7,156,154,137,140,173,150,-0.04,-0.03,,Tyler Higbee,higtyl001,,154
2022,Nico Collins,WR,,HOU,6,185,155,129,175,194,166,-0.1,0.07,,Nico Collins,colnic001,,155
2022,Ryan Tannehill,QB,,TEN,6,167,156,171,220,219,203.3,0.22,0.3,,Ryan Tannehill,tanrya001,,156
2022,Isaiah Spiller,RB,,LAC,8,133,157,188,210,130,176,0.32,0.12,14,Isaiah Spiller,spiisa001,,157
2022,Evan Engram,TE,,JAX,11,193,158,142,184,218,181.3,-0.06,0.15,,Evan Engram,engeva001,,158
2022,Austin Hooper,TE,,TEN,6,194,159,136,186,216,179.3,-0.08,0.13,,Austin Hooper,hooaus001,,159
2022,Joshua Palmer,WR,,LAC,8,161,160,157,133,195,161.7,0,0.01,,Joshua Palmer,paljos002,,160
2022,Zamir White,RB,,LV,6,161,161,186,195,167,182.7,0.13,0.13,,Zamir White,whizam001,,161
2022,Corey Davis,WR,,NYJ,10,218,162,195,229,250,224.7,0.03,0.39,,Corey Davis,davcor001,,162
2022,Mark Ingram,RB,,NO,14,140,163,173,197,175,181.7,0.3,0.11,,Mark Ingram,ingmar001,,163
2022,Daniel Jones,QB,,NYG,9,203,164,138,187,236,187,-0.08,0.14,,Daniel Jones,jondan001,,164
2022,K.J. Osborn,WR,,MIN,7,172,165,178,225,192,198.3,0.15,0.2,,K.J. Osborn,osbkjj001,,165
2022,Robbie Anderson,WR,,CAR,13,196,166,184,134,220,179.3,-0.09,0.08,,Robbie Anderson,androb002,,166
2022,Mac Jones,QB,,NE,10,149,167,170,244,201,205,0.38,0.23,,Mac Jones,jonmac001,,167
2022,Mecole Hardman,WR,,KC,8,145,168,197,179,189,188.3,0.3,0.12,,Mecole Hardman,harmec001,,168
2022,Van Jefferson,WR,,LAR,7,198,169,202,180,222,201.3,0.02,0.19,15,Van Jefferson,jefvan001,,169
2022,Hayden Hurst,TE,,CIN,10,168,170,204,185,214,201,0.2,0.18,,Hayden Hurst,hurhay001,,170
2022,Marvin Jones,WR,,JAX,11,195,171,228,135,215,192.7,-0.01,0.13,,Marvin Jones,jonmar001,,171
2022,Jameson Williams,WR,,DET,6,172,172,254,183,172,203,0.18,0.18,,Jameson Williams,wiljam001,,172
2022,Logan Thomas,TE,,WAS,14,205,173,227,248,247,240.7,0.17,0.39,,Logan Thomas,tholog001,,173
2022,Darrel Williams,RB,,ARI,13,181,174,199,208,221,209.3,0.16,0.2,,Darrel Williams,wildar001,,174
2022,Carson Wentz,QB,,WAS,14,178,175,180,215,249,214.7,0.21,0.23,,Carson Wentz,wencar001,,175
2022,Jalen Tolbert,WR,,DAL,9,158,176,179,172,191,180.7,0.14,0.03,,Jalen Tolbert,toljal001,,176
2022,Wan'Dale Robinson,WR,,NYG,9,180,177,208,176,197,193.7,0.08,0.09,,Wan'Dale Robinson,robwan001,,177
2022,D'Onta Foreman,RB,,CAR,13,177,178,166,206,196,189.3,0.07,0.06,,D'Onta Foreman,fordon001,,178
2022,Brian Robinson,RB,,WAS,14,119,179,160,120,136,138.7,0.17,-0.23,,Brian Robinson,robbri001,,179
2022,Christian Watson,WR,,GB,14,150,180,277,204,159,213.3,0.42,0.19,,Christian Watson,watchr001,,180
2022,Gus Edwards,RB,,BAL,10,196,181,552,235,217,334.7,0.71,0.85,16,Gus Edwards,edwgus001,,181
2022,Isiah Pacheco,RB,,KC,8,137,182,148,196,160,168,0.23,-0.08,,Isiah Pacheco,pacisi001,,182
2022,KJ Hamler,WR,,DEN,9,192,183,236,217,212,221.7,0.15,0.21,,KJ Hamler,hamkjj001,,183
2022,Jared Goff,QB,,DET,6,189,184,152,245,246,214.3,0.13,0.16,,Jared Goff,gofjar001,,184
2022,Isaiah McKenzie,WR,,BUF,7,175,185,127,181,183,163.7,-0.06,-0.12,,Isaiah McKenzie,mckisa001,,185
2022,Boston Scott,RB,,PHI,7,275,186,175,201,,188,-0.32,0.01,,Boston Scott,scobos001,,186
2022,Parris Campbell,WR,,IND,14,214,187,206,233,241,226.7,0.06,0.21,,Parris Campbell,campar001,,187
2022,Donovan Peoples-Jones,WR,,CLE,9,211,188,257,252,237,248.7,0.18,0.32,,Donovan Peoples-Jones,peodon001,,188
2022,Baker Mayfield,QB,,CAR,13,147,189,193,267,209,223,0.52,0.18,,Baker Mayfield,maybak001,,189
2022,Curtis Samuel,WR,,WAS,14,212,190,218,205,238,220.3,0.04,0.16,,Curtis Samuel,samcur001,,190
2022,Zach Wilson,QB,,NYJ,10,216,191,256,219,245,240,0.11,0.26,,Zach Wilson,wilzac001,,191
2022,Alec Pierce,WR,,IND,14,183,192,223,178,199,200,0.09,0.04,,Alec Pierce,pieale001,,192
2022,Romeo Doubs,WR,,GB,14,151,193,159,203,162,174.7,0.16,-0.09,17,Romeo Doubs,dourom001,,193
2022,Brevin Jordan,TE,,HOU,6,275,194,243,258,,250.5,-0.09,0.29,,Brevin Jordan,jorbre001,,194
2022,Jamison Crowder,WR,,BUF,7,217,195,268,182,248,232.7,0.07,0.19,,Jamison Crowder,crojam001,,195
2022,Kendrick Bourne,WR,,NE,10,219,196,224,232,251,235.7,0.08,0.2,,Kendrick Bourne,bouken001,,196
2022,Jeff Wilson,RB,,SF,9,199,197,161,264,224,216.3,0.09,0.1,,Jeff Wilson,wiljef001,,197
2022,Ronald Jones,RB,,KC,8,127,198,211,265,179,218.3,0.72,0.1,,Ronald Jones,jonron001,,198
2022,A.J. Green,WR,,ARI,13,207,199,242,230,232,234.7,0.13,0.18,,A.J. Green,greajj001,,199
2022,David Bell,WR,,CLE,9,210,200,213,369,235,272.3,0.3,0.36,,David Bell,beldav001,,200
2022,Sterling Shepard,WR,,NYG,9,275,201,280,226,,253,-0.08,0.26,,Sterling Shepard,sheste001,,201
2022,Mo Alie-Cox,TE,,IND,14,275,202,154,249,,201.5,-0.27,0,,Mo Alie-Cox,alimoo001,,202
2022,Samaje Perine,RB,,CIN,10,203,203,169,199,229,199,-0.02,-0.02,,Samaje Perine,persam001,,203
2022,Davis Mills,QB,,HOU,6,275,204,205,268,,236.5,-0.14,0.16,,Davis Mills,mildav001,,204
2022,Jerick McKinnon,RB,,KC,8,201,205,219,170,227,205.3,0.02,0,18,Jerick McKinnon,mckjer001,,205
2022,Tyrion Davis-Price,RB,,SF,9,187,206,,213,203,208,0.11,0.01,,Tyrion Davis-Price,davtyr001,,206
2022,Sony Michel,RB,,LAC,8,183,207,222,202,243,222.3,0.21,0.07,,Sony Michel,micson001,,207
2022,D'Ernest Johnson,RB,,CLE,9,275,208,191,307,,249,-0.09,0.2,,D'Ernest Johnson,johder001,,208
2022,Damien Williams,RB,,ATL,14,275,209,203,198,,200.5,-0.27,-0.04,,Damien Williams,wildam001,,209
2022,Zay Jones,WR,,JAX,11,275,210,248,234,,241,-0.12,0.15,,Zay Jones,jonzay001,,210
2022,Mike Davis,RB,,BAL,10,188,211,190,194,206,196.7,0.05,-0.07,,Mike Davis,davmik001,,211
2022,Chuba Hubbard,RB,,CAR,13,169,212,340,207,187,244.7,0.45,0.15,,Chuba Hubbard,hubchu001,,212
2022,Jonnu Smith,TE,,NE,10,275,213,282,293,,287.5,0.05,0.35,,Jonnu Smith,smijon001,,213
2022,Laviska Shenault,WR,,CAR,13,275,214,269,385,,327,0.19,0.53,,Laviska Shenault,shelav001,,214
2022,Marcus Mariota,QB,,ATL,14,275,215,198,269,,233.5,-0.15,0.09,,Marcus Mariota,marmar001,,215
2022,Rex Burkhead,RB,,HOU,6,275,216,210,168,,189,-0.31,-0.13,,Rex Burkhead,burrex001,,216
2022,Terrace Marshall,WR,,CAR,13,275,217,263,399,,331,0.2,0.53,,Terrace Marshall,marter001,,217
2022,Byron Pringle,WR,,CHI,14,275,218,270,272,,271,-0.01,0.24,,Byron Pringle,pribyr001,,218
2022,Zack Moss,RB,,BUF,7,275,219,339,279,,309,0.12,0.41,,Zack Moss,moszac001,,219
2022,Braxton Berrios,WR,,NYJ,10,275,220,279,261,,270,-0.02,0.23,,Braxton Berrios,berbra001,,220
2022,Randall Cobb,WR,,GB,14,208,221,273,228,233,244.7,0.18,0.11,,Randall Cobb,cobran001,,221
2022,Kenyan Drake,RB,,BAL,10,209,222,220,485,234,313,0.5,0.41,,Kenyan Drake,draken001,,222
2022,Marlon Mack,RB,,HOU,6,131,223,200,,181,190.5,0.45,-0.15,,Marlon Mack,macmar001,,223
2022,Bryan Edwards,WR,,ATL,14,275,224,276,262,,269,-0.02,0.2,,Bryan Edwards,edwbry001,,224
2022,Sammy Watkins,WR,,GB,14,166,225,260,271,193,241.3,0.45,0.07,,Sammy Watkins,watsam001,,225
2023,Justin Jefferson,WR,,MIN,13,1,1,1,1,1,1,0,0,1,Justin Jefferson,jefjus001,,1
2023,Ja'Marr Chase,WR,,CIN,7,3,3,2,2,3,2.3,-0.22,-0.22,,Ja'Marr Chase,chajam001,,2
2023,Christian McCaffrey,RB,,SF,9,2,2,3,4,2,3,0.5,0.5,,Christian McCaffrey,mccchr001,,3
2023,Austin Ekeler,RB,,LAC,5,4,4,4,3,4,3.7,-0.08,-0.08,,Austin Ekeler,ekeaus001,,4
2023,Travis Kelce,TE,,KC,10,5,5,7,5,5,5.7,0.13,0.13,,Travis Kelce,keltra001,,5
2023,Cooper Kupp,WR,,LAR,10,7,7,5,6,7,6,-0.14,-0.14,,Cooper Kupp,kupcoo001,,6
2023,Tyreek Hill,WR,,MIA,10,6,6,6,7,6,6.3,0.06,0.06,,Tyreek Hill,hiltyr001,,7
2023,Bijan Robinson,RB,,ATL,11,8,8,9,8,8,8.3,0.04,0.04,,Bijan Robinson,robbij001,,8
2023,Saquon Barkley,RB,,NYG,13,9,10,13,9,9,10.3,0.15,0.03,,Saquon Barkley,barsaq001,,9
2023,Stefon Diggs,WR,,BUF,13,11,11,8,13,11,10.7,-0.03,-0.03,,Stefon Diggs,digste001,,10
2023,Nick Chubb,RB,,CLE,5,9,9,10,14,10,11.3,0.26,0.26,,Nick Chubb,chunic001,,11
2023,CeeDee Lamb,WR,,DAL,7,12,13,11,15,15,13.7,0.14,0.05,,CeeDee Lamb,lamcee001,,12
2023,Derrick Henry,RB,,TEN,7,15,15,18,10,13,13.7,-0.09,-0.09,2,Derrick Henry,hender001,,13
2023,Tony Pollard,RB,,DAL,7,16,12,12,12,20,14.7,-0.08,0.22,,Tony Pollard,polton001,,14
2023,A.J. Brown,WR,,PHI,10,13,14,14,18,12,14.7,0.13,0.05,,A.J. Brown,broajj001,,15
2023,Davante Adams,WR,,LV,13,18,17,17,11,16,14.7,-0.19,-0.14,,Davante Adams,adadav001,,16
2023,Amon-Ra St. Brown,WR,,DET,9,19,16,15,17,18,16.7,-0.12,0.04,,Amon-Ra St. Brown,broamo001,,17
2023,Garrett Wilson,WR,,NYJ,7,20,19,16,16,22,18,-0.1,-0.05,,Garrett Wilson,wilgar001,,18
2023,Josh Jacobs,RB,,LV,13,17,18,19,19,17,18.3,0.08,0.02,,Josh Jacobs,jacjos001,,19
2023,Jaylen Waddle,WR,,MIA,10,23,20,20,21,24,21.7,-0.06,0.08,,Jaylen Waddle,wadjay001,,20
2023,Patrick Mahomes,QB,,KC,10,13,24,30,26,14,23.3,0.79,-0.03,,Patrick Mahomes,mahpat001,,21
2023,Chris Olave,WR,,NO,11,26,21,22,24,27,24.3,-0.06,0.16,,Chris Olave,olachr001,,22
2023,Jalen Hurts,QB,,PHI,10,22,27,24,28,23,25,0.14,-0.07,,Jalen Hurts,hurjal001,,23
2023,DeVonta Smith,WR,,PHI,10,28,25,21,25,31,25.7,-0.08,0.03,,DeVonta Smith,smidev002,,24
2023,Tee Higgins,WR,,CIN,7,31,28,27,23,28,26,-0.16,-0.07,3,Tee Higgins,higtee001,,25
2023,Joe Mixon,RB,,CIN,7,32,23,25,20,34,26.3,-0.18,0.14,,Joe Mixon,mixjoe001,,26
2023,Josh Allen,QB,,BUF,13,21,26,33,27,19,26.3,0.25,0.01,,Josh Allen,alljos001,,27
2023,Najee Harris,RB,,PIT,6,25,29,26,30,25,27,0.08,-0.07,,Najee Harris,harnaj001,,28
2023,Travis Etienne,RB,,JAX,9,27,32,23,29,29,27,0,-0.16,,Travis Etienne,etitra001,,29
2023,DK Metcalf,WR,,SEA,5,36,31,32,22,35,29.7,-0.18,-0.04,,DK Metcalf,metdkk002,,30
2023,Rhamondre Stevenson,RB,,NE,11,29,22,31,33,30,31.3,0.08,0.42,,Rhamondre Stevenson,sterha001,,31
2023,Jahmyr Gibbs,RB,,DET,9,33,33,34,31,32,32.3,-0.02,-0.02,,Jahmyr Gibbs,gibjah001,,32
2023,Aaron Jones,RB,,GB,6,38,35,28,32,40,33.3,-0.12,-0.05,,Aaron Jones,jonaar001,,33
2023,Mark Andrews,TE,,BAL,13,29,30,37,38,26,33.7,0.16,0.12,,Mark Andrews,andmar001,,34
2023,Calvin Ridley,WR,,JAX,9,35,34,29,36,39,34.7,-0.01,0.02,,Calvin Ridley,ridcal001,,35
2023,Lamar Jackson,QB,,BAL,13,34,38,39,39,33,37,0.09,-0.03,,Lamar Jackson,jaclam001,,36
2023,Deebo Samuel,WR,,SF,9,38,39,42,35,36,37.7,-0.01,-0.03,4,Deebo Samuel,samdee001,,37
2023,Dameon Pierce,RB,,HOU,7,41,44,36,34,47,39,-0.05,-0.11,,Dameon Pierce,piedam001,,38
2023,Amari Cooper,WR,,CLE,5,41,37,38,41,43,40.7,-0.01,0.1,,Amari Cooper,cooama001,,39
2023,Breece Hall,RB,,NYJ,7,43,42,40,46,38,41.3,-0.04,-0.02,,Breece Hall,halbre001,,40
2023,Keenan Allen,WR,,LAC,5,44,36,47,37,41,41.7,-0.05,0.16,,Keenan Allen,allkee001,,41
2023,Jonathan Taylor,RB,,IND,11,24,66,46,62,21,43,0.79,-0.35,,Jonathan Taylor,tayjon001,,42
2023,Kenneth Walker,RB,,SEA,5,40,41,44,52,42,46,0.15,0.12,,Kenneth Walker,walken002,,43
2023,Joe Burrow,QB,,CIN,7,37,43,61,40,37,46,0.24,0.07,,Joe Burrow,burjoe001,,44
2023,Miles Sanders,RB,,CAR,7,48,45,41,50,52,47.7,-0.01,0.06,,Miles Sanders,sanmil001,,45
2023,T.J. Hockenson,TE,,MIN,13,46,53,51,49,48,49.3,0.07,-0.07,,T.J. Hockenson,hoctjj001,,46
2023,DeAndre Hopkins,WR,,TEN,7,55,48,57,43,49,49.7,-0.1,0.03,,DeAndre Hopkins,hopdea001,,47
2023,Alexander Mattison,RB,,MIN,13,52,49,45,53,54,50.7,-0.03,0.03,,Alexander Mattison,matale001,,48
2023,Justin Fields,QB,,CHI,13,47,47,56,56,46,52.7,0.12,0.12,5,Justin Fields,fiejus001,,49
2023,DJ Moore,WR,,CHI,13,51,40,54,57,50,53.7,0.05,0.34,,DJ Moore,moodjj002,,50
2023,J.K. Dobbins,RB,,BAL,13,50,52,35,77,51,54.3,0.09,0.04,,J.K. Dobbins,dobjkk001,,51
2023,Christian Watson,WR,,GB,6,62,46,62,42,60,54.7,-0.12,0.19,,Christian Watson,watchr001,,52
2023,Terry McLaurin,WR,,WAS,14,54,55,52,60,53,55,0.02,0,,Terry McLaurin,mclter001,,53
2023,Cam Akers,RB,,LAR,10,56,54,50,63,58,57,0.02,0.06,,Cam Akers,akecam001,,54
2023,Drake London,WR,,ATL,11,59,50,48,68,56,57.3,-0.03,0.15,,Drake London,londra001,,55
2023,Chris Godwin,WR,,TB,5,66,57,63,44,65,57.3,-0.13,0.01,,Chris Godwin,godchr001,,56
2023,James Conner,RB,,ARI,14,58,60,59,51,62,57.3,-0.01,-0.04,,James Conner,conjam001,,57
2023,George Kittle,TE,,SF,9,48,68,58,70,45,57.7,0.2,-0.15,,George Kittle,kitgeo001,,58
2023,Diontae Johnson,WR,,PIT,6,78,61,49,45,81,58.3,-0.25,-0.04,,Diontae Johnson,johdio001,,59
2023,Justin Herbert,QB,,LAC,5,45,51,77,55,44,58.7,0.3,0.15,,Justin Herbert,herjus001,,60
2023,Tyler Lockett,WR,,SEA,5,63,58,43,67,69,59.7,-0.05,0.03,6,Tyler Lockett,loctyl001,,61
2023,James Cook,RB,,BUF,13,71,65,53,54,79,62,-0.13,-0.05,,James Cook,coojam001,,62
2023,Brandon Aiyuk,WR,,SF,9,65,56,55,69,66,63.3,-0.03,0.13,,Brandon Aiyuk,aiybra001,,63
2023,Rachaad White,RB,,TB,5,72,64,73,47,74,64.7,-0.1,0.01,,Rachaad White,whirac001,,64
2023,Mike Williams,WR,,LAC,5,69,62,68,59,68,65,-0.06,0.05,,Mike Williams,wilmik001,,65
2023,Alvin Kamara,RB,,NO,11,70,72,81,48,67,65.3,-0.07,-0.09,,Alvin Kamara,kamalv001,,66
2023,Darren Waller,TE,,NYG,13,57,59,74,64,59,65.7,0.15,0.11,,Darren Waller,waldar001,,67
2023,Kyle Pitts,TE,,ATL,11,63,76,65,71,61,65.7,0.04,-0.14,,Kyle Pitts,pitkyl001,,68
2023,Mike Evans,WR,,TB,5,80,71,67,58,73,66,-0.18,-0.07,,Mike Evans,evamik001,,69
2023,Javonte Williams,RB,,DEN,9,60,70,70,61,70,67,0.12,-0.04,,Javonte Williams,wiljav001,,70
2023,Trevor Lawrence,QB,,JAX,9,53,67,72,74,57,67.7,0.28,0.01,,Trevor Lawrence,lawtre001,,71
2023,Dallas Goedert,TE,,PHI,10,61,77,69,72,63,68,0.11,-0.12,,Dallas Goedert,goedal001,,72
2023,Jerry Jeudy,WR,,DEN,9,68,74,90,65,55,70,0.03,-0.05,7,Jerry Jeudy,jeujer001,,73
2023,David Montgomery,RB,,DET,9,76,69,60,75,78,71,-0.07,0.03,,David Montgomery,mondav001,,74
2023,Marquise Brown,WR,,ARI,14,85,73,75,66,77,72.7,-0.15,0,,Marquise Brown,bromar001,,75
2023,Dalvin Cook,RB,,NYJ,7,67,80,71,78,71,73.3,0.09,-0.08,,Dalvin Cook,coodal001,,76
2023,Michael Pittman,WR,,IND,11,78,78,64,80,80,74.7,-0.04,-0.04,,Michael Pittman,pitmic001,,77
2023,Christian Kirk,WR,,JAX,9,75,63,78,79,72,76.3,0.02,0.21,,Christian Kirk,kirchr001,,78
2023,Isiah Pacheco,RB,,KC,10,72,79,79,76,75,76.7,0.06,-0.03,,Isiah Pacheco,pacisi001,,79
2023,Jahan Dotson,WR,,WAS,14,87,75,66,84,86,78.7,-0.1,0.05,,Jahan Dotson,dotjah001,,80
2023,D'Andre Swift,RB,,PHI,10,74,82,83,89,64,78.7,0.06,-0.04,,D'Andre Swift,swidan001,,81
2023,George Pickens,WR,,PIT,6,77,81,80,81,76,79,0.03,-0.02,,George Pickens,picgeo001,,82
2023,Deshaun Watson,QB,,CLE,5,84,89,99,73,85,85.7,0.02,-0.04,,Deshaun Watson,watdes001,,83
2023,Khalil Herbert,RB,,CHI,13,88,85,76,87,97,86.7,-0.02,0.02,,Khalil Herbert,herkha001,,84
2023,AJ Dillon,RB,,GB,6,86,91,86,88,87,87,0.01,-0.04,8,AJ Dillon,dilajj001,,85
2023,Jaxon Smith-Njigba,WR,,SEA,5,93,92,94,85,83,87.3,-0.06,-0.05,,Jaxon Smith-Njigba,smijax001,,86
2023,Pat Freiermuth,TE,,PIT,6,82,98,82,92,88,87.3,0.07,-0.11,,Pat Freiermuth,frepat001,,87
2023,Evan Engram,TE,,JAX,9,81,96,89,93,82,88,0.09,-0.08,,Evan Engram,engeva001,,88
2023,Jordan Addison,WR,,MIN,13,89,83,85,96,84,88.3,-0.01,0.06,,Jordan Addison,addjor001,,89
2023,Antonio Gibson,RB,,WAS,14,90,87,87,91,90,89.3,-0.01,0.03,,Antonio Gibson,gibant001,,90
2023,Brandin Cooks,WR,,DAL,7,96,88,102,82,92,92,-0.04,0.05,,Brandin Cooks,coobra001,,91
2023,Dak Prescott,QB,,DAL,7,83,94,91,102,91,94.7,0.14,0.01,,Dak Prescott,predak001,,92
2023,Brian Robinson,RB,,WAS,14,94,90,93,90,102,95,0.01,0.06,,Brian Robinson,robbri001,,93
2023,David Njoku,TE,,CLE,5,92,104,104,94,89,95.7,0.04,-0.08,,David Njoku,njodav001,,94
2023,Gabe Davis,WR,,BUF,13,95,84,84,108,96,96,0.01,0.14,,Gabe Davis,davgab002,,95
2023,Courtland Sutton,WR,,DEN,9,103,86,97,83,110,96.7,-0.06,0.12,,Courtland Sutton,sutcou001,,96
2023,Tua Tagovailoa,QB,,MIA,10,91,99,100,105,94,99.7,0.1,0.01,9,Tua Tagovailoa,tagtua001,,97
2023,Jamaal Williams,RB,,NO,11,97,106,92,110,106,102.7,0.06,-0.03,,Jamaal Williams,wiljam002,,98
2023,Michael Thomas,WR,,NO,11,99,105,119,98,100,105.7,0.07,0.01,,Michael Thomas,thomic001,,99
2023,Samaje Perine,RB,,DEN,9,105,100,95,112,112,106.3,0.01,0.06,,Samaje Perine,persam001,,100
2023,Treylon Burks,WR,,TEN,7,109,95,118,97,105,106.7,-0.02,0.12,,Treylon Burks,burtre001,,101
2023,JuJu Smith-Schuster,WR,,NE,11,114,107,113,100,108,107,-0.06,0,,JuJu Smith-Schuster,smijuj001,,102
2023,Skyy Moore,WR,,KC,10,116,111,110,86,126,107.3,-0.07,-0.03,,Skyy Moore,moosky001,,103
2023,Zach Charbonnet,RB,,SEA,5,100,102,101,127,95,107.7,0.08,0.06,,Zach Charbonnet,chazac001,,104
2023,Zay Flowers,WR,,BAL,13,106,93,123,106,98,109,0.03,0.17,,Zay Flowers,flozay001,,105
2023,Kirk Cousins,QB,,MIN,13,104,103,115,103,113,110.3,0.06,0.07,,Kirk Cousins,coukir001,,106
2023,Rashaad Penny,RB,,PHI,10,101,114,116,113,104,111,0.1,-0.03,,Rashaad Penny,penras001,,107
2023,Daniel Jones,QB,,NYG,13,102,97,88,104,142,111.3,0.09,0.15,,Daniel Jones,jondan001,,108
2023,Elijah Moore,WR,,CLE,5,110,101,98,120,116,111.3,0.01,0.1,10,Elijah Moore,mooeli001,,109
2023,Quentin Johnston,WR,,LAC,5,120,110,128,107,101,112,-0.07,0.02,,Quentin Johnston,johque001,,110
2023,Aaron Rodgers,QB,,NYJ,7,98,119,109,124,103,112,0.14,-0.06,,Aaron Rodgers,rodaar001,,111
2023,Anthony Richardson,QB,,IND,11,107,113,108,123,109,113.3,0.06,0,,Anthony Richardson,ricant001,,112
2023,Odell Beckham,WR,,BAL,13,108,125,129,101,114,114.7,0.06,-0.08,,Odell Beckham,becode001,,113
2023,Jerick McKinnon,RB,,KC,10,117,117,106,114,125,115,-0.02,-0.02,,Jerick McKinnon,mckjer001,,114
2023,Cole Kmet,TE,,CHI,13,125,139,134,95,127,118.7,-0.05,-0.15,,Cole Kmet,kmecol001,,115
2023,Geno Smith,QB,,SEA,5,111,108,103,125,131,119.7,0.08,0.11,,Geno Smith,smigen001,,116
2023,Dalton Kincaid,TE,,BUF,13,119,143,121,134,115,123.3,0.04,-0.14,,Dalton Kincaid,kindal001,,117
2023,Elijah Mitchell,RB,,SF,9,118,124,124,129,120,124.3,0.05,0,,Elijah Mitchell,miteli001,,118
2023,Kadarius Toney,WR,,KC,10,111,115,140,135,99,124.7,0.12,0.08,,Kadarius Toney,tonkad001,,119
2023,Dalton Schultz,TE,,HOU,7,123,123,142,115,118,125,0.02,0.02,,Dalton Schultz,schdal001,,120
2023,Jakobi Meyers,WR,,LV,13,155,112,125,99,153,125.7,-0.19,0.12,11,Jakobi Meyers,meyjak001,,121
2023,Tyler Allgeier,RB,,ATL,11,133,126,112,132,134,126,-0.05,0,,Tyler Allgeier,alltyl001,,122
2023,Adam Thielen,WR,,CAR,7,131,137,133,122,129,128,-0.02,-0.07,,Adam Thielen,thiada001,,123
2023,Ezekiel Elliott,RB,,NE,11,115,138,132,130,123,128.3,0.12,-0.07,,Ezekiel Elliott,elleze001,,124
2023,Nico Collins,WR,,HOU,7,153,116,107,119,170,132,-0.14,0.14,,Nico Collins,colnic001,,125
2023,Chigoziem Okonkwo,TE,,TEN,7,129,130,111,139,147,132.3,0.03,0.02,,Chigoziem Okonkwo,okochi001,,126
2023,Tyler Higbee,TE,,LAR,10,136,127,114,133,151,132.7,-0.02,0.04,,Tyler Higbee,higtyl001,,127
2023,Rashod Bateman,WR,,BAL,13,130,109,96,181,124,133.7,0.03,0.23,,Rashod Bateman,batras001,,128
2023,Jaylen Warren,RB,,PIT,6,124,118,127,131,145,134.3,0.08,0.14,,Jaylen Warren,warjay001,,129
2023,Jeff Wilson,RB,,MIA,10,158,146,120,111,175,135.3,-0.14,-0.07,,Jeff Wilson,wiljef001,,130
2023,Damien Harris,RB,,BUF,13,113,120,117,164,128,136.3,0.21,0.14,,Damien Harris,hardam001,,131
2023,Tyler Boyd,WR,,CIN,7,151,128,135,136,148,139.7,-0.08,0.09,,Tyler Boyd,boytyl001,,132
2023,Darnell Mooney,WR,,CHI,13,167,133,144,118,157,139.7,-0.16,0.05,12,Darnell Mooney,moodar001,,133
2023,Raheem Mostert,RB,,MIA,10,127,121,130,162,135,142.3,0.12,0.18,,Raheem Mostert,mosrah001,,134
2023,Allen Lazard,WR,,NYJ,7,122,122,138,172,119,143,0.17,0.17,,Allen Lazard,lazall001,,135
2023,Tank Bigsby,RB,,JAX,9,127,132,131,171,133,145,0.14,0.1,,Tank Bigsby,bigtan001,,136
2023,Kenneth Gainwell,RB,,PHI,10,131,135,105,165,167,145.7,0.11,0.08,,Kenneth Gainwell,gaiken001,,137
2023,De'Von Achane,RB,,MIA,10,120,134,155,169,121,148.3,0.24,0.11,,De'Von Achane,achdev001,,138
2023,Michael Gallup,WR,,DAL,7,172,147,137,121,191,149.7,-0.13,0.02,,Michael Gallup,galmic001,,139
2023,Russell Wilson,QB,,DEN,9,150,140,160,126,168,151.3,0.01,0.08,,Russell Wilson,wilrus001,,140
2023,Devin Singletary,RB,,HOU,7,138,148,174,128,160,154,0.12,0.04,,Devin Singletary,sindev001,,141
2023,Gerald Everett,TE,,LAC,5,179,145,147,140,178,155,-0.13,0.07,,Gerald Everett,eveger001,,142
2023,DJ Chark,WR,,CAR,7,184,149,152,117,199,156,-0.15,0.05,,DJ Chark,chadjj001,,143
2023,Sam LaPorta,TE,,DET,9,152,153,126,185,158,156.3,0.03,0.02,,Sam LaPorta,lapsam002,,144
2023,Jared Goff,QB,,DET,9,126,131,136,184,152,157.3,0.25,0.2,13,Jared Goff,gofjar001,,145
2023,D'Onta Foreman,RB,,CHI,13,146,158,148,168,159,158.3,0.08,0,,D'Onta Foreman,fordon001,,146
2023,Romeo Doubs,WR,,GB,6,137,129,143,179,154,158.7,0.16,0.23,,Romeo Doubs,dourom001,,147
2023,Rondale Moore,WR,,ARI,14,148,142,190,109,179,159.3,0.08,0.12,,Rondale Moore,mooron001,,148
2023,Jameson Williams,WR,,DET,9,140,141,176,194,130,166.7,0.19,0.18,,Jameson Williams,wiljam001,,149
2023,Zay Jones,WR,,JAX,9,167,136,151,174,176,167,0,0.23,,Zay Jones,jonzay001,,150
2023,Jonathan Mingo,WR,,CAR,7,170,164,157,175,171,167.7,-0.01,0.02,,Jonathan Mingo,minjon001,,151
2023,Marvin Mims,WR,,DEN,9,172,166,122,198,186,168.7,-0.02,0.02,,Marvin Mims,mimmar001,,152
2023,Kendre Miller,RB,,NO,11,159,152,145,206,156,169,0.06,0.11,,Kendre Miller,milken001,,153
2023,Greg Dulcich,TE,,DEN,9,141,144,156,187,169,170.7,0.21,0.19,,Greg Dulcich,dulgre001,,154
2023,Roschon Johnson,RB,,CHI,13,149,150,179,161,172,170.7,0.15,0.14,,Roschon Johnson,johros001,,155
2023,K.J. Osborn,WR,,MIN,13,178,161,172,137,216,175,-0.02,0.09,,K.J. Osborn,osbkjj001,,156
2023,Juwan Johnson,TE,,NO,11,169,151,149,186,197,177.3,0.05,0.17,14,Juwan Johnson,johjuw001,,157
2023,Gus Edwards,RB,,BAL,13,183,169,164,163,205,177.3,-0.03,0.05,,Gus Edwards,edwgus001,,158
2023,Tyjae Spears,RB,,TEN,7,144,175,158,199,177,178,0.24,0.02,,Tyjae Spears,spetyj001,,159
2023,Kenny Pickett,QB,,PIT,6,135,156,165,182,190,179,0.33,0.15,,Kenny Pickett,picken001,,160
2023,Rashee Rice,WR,,KC,10,154,176,184,205,150,179.7,0.17,0.02,,Rashee Rice,ricras001,,161
2023,Matthew Stafford,QB,,LAR,10,176,157,170,183,214,189,0.07,0.2,,Matthew Stafford,stamat001,,162
2023,Clyde Edwards-Helaire,RB,,KC,10,171,178,162,201,204,189,0.11,0.06,,Clyde Edwards-Helaire,edwcly001,,163
2023,Kyren Williams,RB,,LAR,10,182,206,208,170,,189,0.04,-0.08,,Kyren Williams,wilkyr001,,164
2023,Brock Purdy,QB,,SF,9,142,170,139,266,163,189.3,0.33,0.11,,Brock Purdy,purbro001,,165
2023,Van Jefferson,WR,,LAR,10,194,160,192,180,200,190.7,-0.02,0.19,,Van Jefferson,jefvan001,,166
2023,Chuba Hubbard,RB,,CAR,7,164,162,171,204,201,192,0.17,0.19,,Chuba Hubbard,hubchu001,,167
2023,Jayden Reed,WR,,GB,6,201,174,193,178,213,194.7,-0.03,0.12,,Jayden Reed,reejay001,,168
2023,Curtis Samuel,WR,,WAS,14,221,163,178,177,237,197.3,-0.11,0.21,15,Curtis Samuel,samcur001,,169
2023,Hunter Renfrow,WR,,LV,13,219,183,197,173,222,197.3,-0.1,0.08,,Hunter Renfrow,renhun001,,170
2023,Alec Pierce,WR,,IND,11,187,159,196,196,203,198.3,0.06,0.25,,Alec Pierce,pieale001,,171
2023,Derek Carr,QB,,NO,11,161,155,189,219,194,200.7,0.25,0.29,,Derek Carr,carder001,,172
2023,Jerome Ford,RB,,CLE,5,204,173,185,200,221,202,-0.01,0.17,,Jerome Ford,forjer001,,173
2023,Ty Chandler,RB,,MIN,13,193,213,187,210,212,203,0.05,-0.05,,Ty Chandler,chatyy001,,174
2023,Isaiah Hodgins,WR,,NYG,13,210,167,183,195,233,203.7,-0.03,0.22,,Isaiah Hodgins,hodisa001,,175
2023,Zamir White,RB,,LV,13,181,179,177,239,195,203.7,0.13,0.14,,Zamir White,whizam001,,176
2023,Jelani Woods,TE,,IND,11,245,224,222,188,,205,-0.16,-0.08,,Jelani Woods,woojel001,,177
2023,Donovan Peoples-Jones,WR,,CLE,5,161,154,181,218,217,205.3,0.28,0.33,,Donovan Peoples-Jones,peodon001,,178
2023,Rashid Shaheed,WR,,NO,11,223,168,163,228,225,205.3,-0.08,0.22,,Rashid Shaheed,sharas001,,179
2023,Parris Campbell,WR,,NYG,13,204,182,239,138,241,206,0.01,0.13,,Parris Campbell,campar001,,180
2023,Evan Hull,RB,,IND,11,212,218,225,167,226,206,-0.03,-0.06,16,Evan Hull,huleva001,,181
2023,Zach Ertz,TE,,ARI,14,195,210,276,116,232,208,0.07,-0.01,,Zach Ertz,ertzac001,,182
2023,DeVante Parker,WR,,NE,11,237,177,200,197,235,210.7,-0.11,0.19,,DeVante Parker,pardev001,,183
2023,Hunter Henry,TE,,NE,11,207,180,154,248,231,211,0.02,0.17,,Hunter Henry,henhun001,,184
2023,Marquez Valdes-Scantling,WR,,KC,10,197,172,226,193,215,211.3,0.07,0.23,,Marquez Valdes-Scantling,valmar001,,185
2023,Irv Smith,TE,,CIN,7,184,171,168,247,223,212.7,0.16,0.24,,Irv Smith,smiirv001,,186
2023,Luke Musgrave,TE,,GB,6,175,209,166,290,185,213.7,0.22,0.02,,Luke Musgrave,musluk001,,187
2023,Cordarrelle Patterson,RB,,ATL,11,176,194,220,202,220,214,0.22,0.1,,Cordarrelle Patterson,patcor001,,188
2023,Jake Ferguson,TE,,DAL,7,199,205,141,293,210,214.7,0.08,0.05,,Jake Ferguson,ferjak001,,189
2023,Kyler Murray,QB,,ARI,14,188,202,243,215,192,216.7,0.15,0.07,,Kyler Murray,murkyl001,,190
2023,Joshua Kelley,RB,,LAC,5,192,192,219,203,229,217,0.13,0.13,,Joshua Kelley,keljos001,,191
2023,Allen Robinson,WR,,PIT,6,256,200,202,232,,217,-0.15,0.09,,Allen Robinson,roball001,,192
2023,Dawson Knox,TE,,BUF,13,186,188,195,258,211,221.3,0.19,0.18,17,Dawson Knox,knodaw001,,193
2023,Bryce Young,QB,,CAR,7,144,187,248,244,174,222,0.54,0.19,,Bryce Young,youbry001,,194
2023,Sam Howell,QB,,WAS,14,191,186,169,268,230,222.3,0.16,0.2,,Sam Howell,howsam001,,195
2023,Chase Claypool,WR,,CHI,13,224,190,252,176,239,222.3,-0.01,0.17,,Chase Claypool,clacha001,,196
2023,Kareem Hunt,RB,,FA,-,164,221,272,,173,222.5,0.36,0.01,,Kareem Hunt,hunkar001,,197
2023,Jimmy Garoppolo,QB,,LV,13,160,208,221,220,234,225,0.41,0.08,,Jimmy Garoppolo,garjim001,,198
2023,Jordan Love,QB,,GB,6,156,165,230,267,188,228.3,0.46,0.38,,Jordan Love,lovjor001,,199
2023,Hayden Hurst,TE,,CAR,7,198,184,188,257,244,229.7,0.16,0.25,,Hayden Hurst,hurhay001,,200
2023,Darius Slayton,WR,,NYG,13,218,181,198,263,,230.5,0.06,0.27,,Darius Slayton,sladar001,,201
2023,Cade Otton,TE,,TB,5,248,219,203,259,,231,-0.07,0.05,,Cade Otton,ottcad001,,202
2023,Tank Dell,WR,,HOU,7,189,222,253,251,189,231,0.22,0.04,,Tank Dell,deltan001,,203
2023,Michael Mayer,TE,,LV,13,203,211,215,291,196,234,0.15,0.11,,Michael Mayer,maymic001,,204
2023,Jalin Hyatt,WR,,NYG,13,143,189,161,383,166,236.7,0.66,0.25,18,Jalin Hyatt,hyajal001,,205
2023,Joshua Palmer,WR,,LAC,5,240,199,201,273,,237,-0.01,0.19,,Joshua Palmer,paljos002,,206
2023,Mike Gesicki,TE,,NE,11,206,197,223,246,243,237.3,0.15,0.2,,Mike Gesicki,gesmik001,,207
2023,Wan'Dale Robinson,WR,,NYG,13,220,198,240,226,246,237.3,0.08,0.2,,Wan'Dale Robinson,robwan001,,208
2023,Robert Woods,WR,,HOU,7,242,185,250,227,240,239,-0.01,0.29,,Robert Woods,woorob001,,209
2023,Chase Brown,RB,,CIN,7,214,225,214,303,202,239.7,0.12,0.07,,Chase Brown,brocha001,,210
2023,Ryan Tannehill,QB,,TEN,7,156,191,237,243,,240,0.54,0.26,,Ryan Tannehill,tanrya001,,211
2023,Tyquan Thornton,WR,,NE,11,275,216,255,234,,244.5,-0.11,0.13,,Tyquan Thornton,thotyq001,,212
2023,Mecole Hardman,WR,,NYJ,7,224,196,284,217,236,245.7,0.1,0.25,,Mecole Hardman,harmec001,,213
2023,Taysom Hill,TE,,NO,11,180,203,228,312,198,246,0.37,0.21,,Taysom Hill,hiltay001,,214
2023,Chase Edmonds,RB,,TB,5,217,215,292,207,,249.5,0.15,0.16,,Chase Edmonds,edmcha001,,215
2023,C.J. Stroud,QB,,HOU,7,161,207,297,245,218,253.3,0.57,0.22,,C.J. Stroud,strcjj001,,216
2023,Terrace Marshall,WR,,CAR,7,274,214,259,252,,255.5,-0.07,0.19,,Terrace Marshall,marter001,,217
2023,Mac Jones,QB,,NE,11,134,212,247,269,,258,0.93,0.22,,Mac Jones,jonmac001,,218
2023,Josh Downs,WR,,IND,11,236,204,286,262,238,262,0.11,0.28,,Josh Downs,dowjos001,,219
2023,Michael Carter,RB,,NYJ,7,215,217,242,283,,262.5,0.22,0.21,,Michael Carter,carmic001,,220
2023,Trey McBride,TE,,ARI,14,267,195,235,292,,263.5,-0.01,0.35,,Trey McBride,mcbtre002,,221
2023,Desmond Ridder,QB,,ATL,11,174,223,290,270,,280,0.61,0.26,,Desmond Ridder,riddes001,,222
2023,John Metchie,WR,,HOU,7,216,193,249,374,219,280.7,0.3,0.45,,John Metchie,metjoh001,,223
2023,Noah Fant,TE,,SEA,5,252,201,277,289,,283,0.12,0.41,,Noah Fant,fannoa001,,224
2023,Richie James,WR,,KC,10,190,220,236,442,,339,0.78,0.54,,Richie James,jamric001,,225
2024,Christian McCaffrey,RB,,SF,9,1,1,1,1,1,1,0,0,1,Christian McCaffrey,mccchr001,1,1
2024,CeeDee Lamb,WR,,DAL,7,3,2,2,4,3,3,0,0.5,,CeeDee Lamb,lamcee001,1,2
2024,Tyreek Hill,WR,,MIA,6,2,3,3,5,2,3,0.67,0.11,,Tyreek Hill,hiltyr001,1,3
2024,Bijan Robinson,RB,,ATL,12,4,5,5,2,6,4,0.08,-0.13,,Bijan Robinson,robbij001,2,4
2024,Breece Hall,RB,,NYJ,12,4,4,4,3,8,5,0.25,0.25,,Breece Hall,halbre001,2,5
2024,Ja'Marr Chase,WR,,CIN,12,7,6,6,7,5,6,-0.14,0,,Ja'Marr Chase,chajam001,2,6
2024,Justin Jefferson,WR,,MIN,6,6,8,7,8,4,6,0.06,-0.21,,Justin Jefferson,jefjus001,2,7
2024,Amon-Ra St. Brown,WR,,DET,5,8,7,8,6,7,7,-0.13,0,,Amon-Ra St. Brown,broamo001,2,8
2024,A.J. Brown,WR,,PHI,5,9,9,10,11,9,10,0.11,0.11,,A.J. Brown,broajj001,2,9
2024,Jonathan Taylor,RB,,IND,14,9,11,11,9,11,10,0.15,-0.06,,Jonathan Taylor,tayjon001,4,10
2024,Garrett Wilson,WR,,NYJ,12,12,10,9,13,13,12,-0.03,0.17,,Garrett Wilson,wilgar001,3,11
2024,Saquon Barkley,RB,,PHI,5,11,13,14,10,12,12,0.09,-0.08,,Saquon Barkley,barsaq001,3,12
2024,Jahmyr Gibbs,RB,,DET,5,13,12,15,14,10,13,0,0.08,2,Jahmyr Gibbs,gibjah001,3,13
2024,Puka Nacua,WR,,LAR,6,14,14,13,12,15,13,-0.05,-0.05,,Puka Nacua,nacpuk001,3,14
2024,Kyren Williams,RB,,LAR,6,17,22,17,15,17,16,-0.04,-0.26,,Kyren Williams,wilkyr001,4,15
2024,Marvin Harrison,WR,,ARI,11,15,15,16,22,14,17,0.16,0.16,,Marvin Harrison,harmar001,,16
2024,Derrick Henry,RB,,BAL,14,18,17,12,24,18,18,0,0.06,,Derrick Henry,hender001,5,17
2024,Travis Etienne,RB,,JAX,12,16,18,22,17,16,18,0.15,0.02,,Travis Etienne,etitra001,,18
2024,Isiah Pacheco,RB,,KC,6,21,24,18,16,27,20,-0.03,-0.15,,Isiah Pacheco,pacisi001,5,19
2024,Drake London,WR,,ATL,12,22,16,19,23,19,20,-0.08,0.27,,Drake London,londra001,3,20
2024,Davante Adams,WR,,LV,10,19,19,20,21,21,21,0.09,0.09,,Davante Adams,adadav001,4,21
2024,Chris Olave,WR,,NO,12,25,20,23,18,22,21,-0.16,0.05,,Chris Olave,olachr001,4,22
2024,Mike Evans,WR,,TB,11,31,21,21,20,29,23,-0.25,0.11,,Mike Evans,evamik001,4,23
2024,Nico Collins,WR,,HOU,14,28,25,24,26,33,28,-0.01,0.11,,Nico Collins,colnic001,3,24
2024,Josh Allen,QB,,BUF,12,23,26,30,35,20,28,0.23,0.09,3,Josh Allen,alljos001,1,25
2024,Deebo Samuel,WR,,SF,9,26,23,27,32,28,29,0.12,0.26,,Deebo Samuel,samdee001,,26
2024,Brandon Aiyuk,WR,,SF,9,34,27,28,33,26,29,-0.15,0.07,,Brandon Aiyuk,aiybra001,4,27
2024,Josh Jacobs,RB,,GB,10,24,35,33,30,24,29,0.21,-0.17,,Josh Jacobs,jacjos001,5,28
2024,De'Von Achane,RB,,MIA,6,20,29,25,41,23,30,0.48,0.02,,De'Von Achane,achdev001,5,29
2024,Travis Kelce,TE,,KC,6,26,34,29,37,25,30,0.17,-0.11,,Travis Kelce,keltra001,1,30
2024,Sam LaPorta,TE,,DET,5,28,32,31,36,30,32,0.15,0.01,,Sam LaPorta,lapsam002,1,31
2024,Michael Pittman,WR,,IND,14,38,40,38,19,44,34,-0.11,-0.16,,Michael Pittman,pitmic001,,32
2024,DJ Moore,WR,,CHI,7,39,36,32,34,38,35,-0.11,-0.04,,DJ Moore,moodjj002,4,33
2024,Jalen Hurts,QB,,PHI,5,31,31,35,38,31,35,0.12,0.12,,Jalen Hurts,hurjal001,2,34
2024,DK Metcalf,WR,,SEA,10,41,33,34,31,41,35,-0.14,0.07,,DK Metcalf,metdkk002,4,35
2024,Rachaad White,RB,,TB,11,35,45,45,25,37,36,0.02,-0.21,,Rachaad White,whirac001,6,36
2024,Cooper Kupp,WR,,LAR,6,33,30,26,45,39,37,0.11,0.22,4,Cooper Kupp,kupcoo001,4,37
2024,Malik Nabers,WR,,NYG,11,47,41,42,27,42,37,-0.21,-0.1,,Malik Nabers,nabmal001,4,38
2024,James Cook,RB,,BUF,12,36,42,43,29,40,37,0.04,-0.11,,James Cook,coojam001,6,39
2024,Jaylen Waddle,WR,,MIA,6,39,28,36,44,35,38,-0.02,0.37,,Jaylen Waddle,wadjay001,4,40
2024,Patrick Mahomes,QB,,KC,6,30,37,39,50,32,40,0.34,0.09,,Patrick Mahomes,mahpat001,2,41
2024,Joe Mixon,RB,,HOU,14,42,46,41,39,43,41,-0.02,-0.11,,Joe Mixon,mixjoe001,6,42
2024,Lamar Jackson,QB,,BAL,14,37,38,40,49,36,42,0.13,0.1,,Lamar Jackson,jaclam001,2,43
2024,Stefon Diggs,WR,,HOU,14,44,52,49,42,34,42,-0.05,-0.2,,Stefon Diggs,digste001,5,44
2024,DeVonta Smith,WR,,PHI,5,46,39,37,43,47,42,-0.08,0.09,,DeVonta Smith,smidev002,4,45
2024,Kenneth Walker,RB,,SEA,10,43,44,46,40,45,44,0.02,-0.01,,Kenneth Walker,walken002,,46
2024,Alvin Kamara,RB,,NO,12,45,51,60,28,50,46,0.02,-0.1,,Alvin Kamara,kamalv001,6,47
2024,Mark Andrews,TE,,BAL,14,50,48,50,51,49,50,0,0.04,,Mark Andrews,andmar001,1,48
2024,Trey McBride,TE,,ARI,11,47,50,47,56,48,50,0.07,0.01,5,Trey McBride,mcbtre002,1,49
2024,Zay Flowers,WR,,BAL,14,64,56,54,47,52,51,-0.2,-0.09,,Zay Flowers,flozay001,5,50
2024,C.J. Stroud,QB,,HOU,14,49,57,52,59,46,52,0.07,-0.08,,C.J. Stroud,strcjj001,4,51
2024,Anthony Richardson,QB,,IND,14,51,54,48,58,53,53,0.04,-0.02,,Anthony Richardson,ricant001,3,52
2024,Tank Dell,WR,,HOU,14,62,59,56,55,54,55,-0.11,-0.07,,Tank Dell,deltan001,5,53
2024,Amari Cooper,WR,,CLE,10,53,43,44,67,55,55,0.04,0.29,,Amari Cooper,cooama001,4,54
2024,Tee Higgins,WR,,CIN,12,56,47,59,52,57,56,0,0.19,,Tee Higgins,higtee001,4,55
2024,George Pickens,WR,,PIT,9,60,53,58,53,60,57,-0.05,0.08,,George Pickens,picgeo001,5,56
2024,Aaron Jones,RB,,MIN,6,53,64,61,65,56,61,0.14,-0.05,,Aaron Jones,jonaar001,7,57
2024,Rashee Rice,WR,,KC,6,71,49,55,48,81,61,-0.14,0.25,,Rashee Rice,ricras001,4,58
2024,James Conner,RB,,ARI,11,55,60,62,64,59,62,0.12,0.03,,James Conner,conjam001,6,59
2024,Terry McLaurin,WR,,WAS,14,68,55,51,70,68,63,-0.07,0.15,,Terry McLaurin,mclter001,4,60
2024,Rhamondre Stevenson,RB,,NE,14,59,65,63,62,66,64,0.08,-0.02,6,Rhamondre Stevenson,sterha001,7,61
2024,Dalton Kincaid,TE,,BUF,12,52,63,67,74,51,64,0.23,0.02,,Dalton Kincaid,kindal001,2,62
2024,Joe Burrow,QB,,CIN,12,66,66,72,60,62,65,-0.02,-0.02,,Joe Burrow,burjoe001,5,63
2024,Calvin Ridley,WR,,TEN,5,79,69,70,46,80,65,-0.17,-0.05,,Calvin Ridley,ridcal001,5,64
2024,George Kittle,TE,,SF,9,56,78,66,73,58,66,0.17,-0.16,,George Kittle,kitgeo001,2,65
2024,David Montgomery,RB,,DET,5,56,61,57,80,63,67,0.19,0.09,,David Montgomery,mondav001,6,66
2024,D'Andre Swift,RB,,CHI,7,62,73,77,63,64,68,0.1,-0.07,,D'Andre Swift,swidan001,7,67
2024,Chris Godwin,WR,,TB,11,77,67,74,54,79,69,-0.1,0.03,,Chris Godwin,godchr001,5,68
2024,Dak Prescott,QB,,DAL,7,75,68,71,61,77,70,-0.07,0.02,,Dak Prescott,predak001,4,69
2024,Kyle Pitts,TE,,ATL,12,64,74,75,75,61,70,0.1,-0.05,,Kyle Pitts,pitkyl001,2,70
2024,Keenan Allen,WR,,CHI,7,76,77,78,69,65,71,-0.07,-0.08,,Keenan Allen,allkee001,6,71
2024,Zamir White,RB,,LV,10,69,79,73,66,73,71,0.02,-0.11,,Zamir White,whizam001,8,72
2024,Kyler Murray,QB,,ARI,11,61,58,53,91,70,71,0.17,0.23,7,Kyler Murray,murkyl001,3,73
2024,Najee Harris,RB,,PIT,9,67,71,68,78,69,72,0.07,0.01,,Najee Harris,harnaj001,6,74
2024,Christian Kirk,WR,,JAX,12,73,62,79,71,67,72,-0.01,0.17,,Christian Kirk,kirchr001,5,75
2024,Evan Engram,TE,,JAX,12,70,82,91,57,71,73,0.04,-0.11,,Evan Engram,engeva001,2,76
2024,Diontae Johnson,WR,,CAR,11,83,70,65,68,94,76,-0.09,0.08,,Diontae Johnson,johdio001,5,77
2024,Jayden Reed,WR,,GB,10,82,81,80,83,74,79,-0.04,-0.02,,Jayden Reed,reejay001,5,78
2024,Raheem Mostert,RB,,MIA,6,72,72,64,102,75,80,0.12,0.12,,Raheem Mostert,mosrah001,7,79
2024,Jordan Love,QB,,GB,10,74,75,69,92,82,81,0.09,0.08,,Jordan Love,lovjor001,5,80
2024,Javonte Williams,RB,,DEN,14,81,76,76,76,91,81,0,0.07,,Javonte Williams,wiljav001,6,81
2024,Rome Odunze,WR,,CHI,7,89,94,86,86,72,81,-0.09,-0.13,,Rome Odunze,odurom001,5,82
2024,Tony Pollard,RB,,TEN,5,78,80,82,88,78,83,0.06,0.03,,Tony Pollard,polton001,7,83
2024,Xavier Worthy,WR,,KC,6,85,90,94,85,76,85,0,-0.06,,Xavier Worthy,worxav001,5,84
2024,Jaylen Warren,RB,,PIT,9,88,89,84,79,93,85,-0.03,-0.04,8,Jaylen Warren,warjay001,7,85
2024,Brian Robinson,RB,,WAS,14,89,84,83,77,103,88,-0.01,0.04,,Brian Robinson,robbri001,,86
2024,Jaxon Smith-Njigba,WR,,SEA,10,99,85,89,72,102,88,-0.11,0.03,,Jaxon Smith-Njigba,smijax001,5,87
2024,Jordan Addison,WR,,MIN,6,104,108,100,84,84,89,-0.14,-0.17,,Jordan Addison,addjor001,5,88
2024,Christian Watson,WR,,GB,10,99,92,92,81,100,91,-0.08,-0.01,,Christian Watson,watchr001,5,89
2024,Brock Purdy,QB,,SF,9,91,87,85,93,97,92,0.01,0.05,,Brock Purdy,purbro001,5,90
2024,Devin Singletary,RB,,NYG,11,84,86,90,90,96,92,0.1,0.07,,Devin Singletary,sindev001,7,91
2024,Jake Ferguson,TE,,DAL,7,80,91,96,101,85,94,0.18,0.03,,Jake Ferguson,ferjak001,3,92
2024,Tyjae Spears,RB,,TEN,5,98,96,88,87,108,94,-0.04,-0.02,,Tyjae Spears,spetyj001,8,93
2024,David Njoku,TE,,CLE,10,86,95,99,100,87,95,0.11,0,,David Njoku,njodav001,3,94
2024,Austin Ekeler,RB,,WAS,14,93,111,103,89,95,96,0.03,-0.14,,Austin Ekeler,ekeaus001,9,95
2024,Brian Thomas,WR,,JAX,12,109,100,87,96,105,96,-0.12,-0.04,,Brian Thomas,thobri001,,96
2024,Courtland Sutton,WR,,DEN,14,111,97,95,82,114,97,-0.13,0,9,Courtland Sutton,sutcou001,5,97
2024,Jayden Daniels,QB,,WAS,14,95,83,81,99,112,97,0.02,0.17,,Jayden Daniels,danjay001,5,98
2024,Zack Moss,RB,,CIN,12,86,99,98,105,89,97,0.13,-0.02,,Zack Moss,moszac001,7,99
2024,Ladd McConkey,WR,,LAC,5,107,104,115,94,88,99,-0.07,-0.05,,Ladd McConkey,mcclad002,5,100
2024,Marquise Brown,WR,,KC,6,101,106,102,107,92,100,-0.01,-0.05,,Marquise Brown,bromar001,,101
2024,DeAndre Hopkins,WR,,TEN,5,104,88,105,98,101,101,-0.03,0.15,,DeAndre Hopkins,hopdea001,5,102
2024,Jonathon Brooks,RB,,CAR,11,96,110,109,106,90,102,0.06,-0.08,,Jonathon Brooks,brojon001,7,103
2024,Keon Coleman,WR,,BUF,12,117,114,121,95,98,105,-0.11,-0.08,,Keon Coleman,colkeo001,7,104
2024,Chase Brown,RB,,CIN,12,106,101,97,103,117,106,0,0.05,,Chase Brown,brocha001,9,105
2024,Brock Bowers,TE,,LV,10,94,105,125,111,83,106,0.13,0.01,,Brock Bowers,bowbro001,4,106
2024,Caleb Williams,QB,,CHI,7,97,93,93,132,99,108,0.11,0.16,,Caleb Williams,wilcal001,6,107
2024,Nick Chubb,RB,,CLE,10,92,126,122,117,86,108,0.18,-0.14,,Nick Chubb,chunic001,7,108
2024,Gus Edwards,RB,,LAC,5,113,112,107,114,104,108,-0.04,-0.03,10,Gus Edwards,edwgus001,7,109
2024,Dallas Goedert,TE,,PHI,5,110,109,113,110,107,110,0,0.01,,Dallas Goedert,goedal001,4,110
2024,Ezekiel Elliott,RB,,DAL,7,111,119,119,104,110,111,0,-0.07,,Ezekiel Elliott,elleze001,8,111
2024,Jerome Ford,RB,,CLE,10,107,107,108,116,116,113,0.06,0.06,,Jerome Ford,forjer001,8,112
2024,Tyler Lockett,WR,,SEA,10,137,117,110,109,122,114,-0.17,-0.03,,Tyler Lockett,loctyl001,7,113
2024,Jameson Williams,WR,,DET,5,117,113,104,126,111,114,-0.03,0.01,,Jameson Williams,wiljam001,,114
2024,Jakobi Meyers,WR,,LV,10,143,120,123,97,137,119,-0.17,-0.01,,Jakobi Meyers,meyjak001,6,115
2024,Trey Benson,RB,,ARI,11,115,132,117,142,109,123,0.07,-0.07,,Trey Benson,bentre001,,116
2024,Khalil Shakir,WR,,BUF,12,125,128,114,129,126,123,-0.02,-0.04,,Khalil Shakir,shakha001,,117
2024,Trevor Lawrence,QB,,JAX,12,121,103,112,134,127,124,0.03,0.21,,Trevor Lawrence,lawtre001,6,118
2024,Chuba Hubbard,RB,,CAR,11,131,127,129,115,130,125,-0.05,-0.02,,Chuba Hubbard,hubchu001,8,119
2024,Justin Herbert,QB,,LAC,5,124,116,133,119,123,125,0.01,0.08,,Justin Herbert,herjus001,7,120
2024,Zach Charbonnet,RB,,SEA,10,141,130,126,121,128,125,-0.11,-0.04,11,Zach Charbonnet,chazac001,9,121
2024,Blake Corum,RB,,LAR,6,119,122,118,143,115,125,0.05,0.03,,Blake Corum,corbla001,9,122
2024,Jared Goff,QB,,DET,5,103,102,101,164,113,126,0.22,0.24,,Jared Goff,gofjar001,6,123
2024,Curtis Samuel,WR,,BUF,12,129,131,120,140,120,127,-0.02,-0.03,,Curtis Samuel,samcur001,6,124
2024,Tua Tagovailoa,QB,,MIA,6,102,98,111,163,106,127,0.24,0.29,,Tua Tagovailoa,tagtua001,6,125
2024,Mike Williams,WR,,NYJ,12,163,136,134,108,140,127,-0.22,-0.06,,Mike Williams,wilmik001,6,126
2024,Dalton Schultz,TE,,HOU,14,123,125,128,136,118,127,0.04,0.02,,Dalton Schultz,schdal001,4,127
2024,J.K. Dobbins,RB,,LAC,5,129,138,140,113,131,128,-0.01,-0.07,,J.K. Dobbins,dobjkk001,,128
2024,Romeo Doubs,WR,,GB,10,136,124,116,150,121,129,-0.05,0.04,,Romeo Doubs,dourom001,,129
2024,Rashid Shaheed,WR,,NO,12,160,129,106,139,144,130,-0.19,0.01,,Rashid Shaheed,sharas001,7,130
2024,Pat Freiermuth,TE,,PIT,9,128,121,131,135,124,130,0.02,0.07,,Pat Freiermuth,frepat001,,131
2024,T.J. Hockenson,TE,,MIN,6,127,140,160,112,119,130,0.03,-0.07,,T.J. Hockenson,hoctjj001,3,132
2024,Kirk Cousins,QB,,ATL,12,138,115,130,120,145,132,-0.05,0.14,12,Kirk Cousins,coukir001,,133
2024,Joshua Palmer,WR,,LAC,5,145,118,124,141,138,134,-0.07,0.14,,Joshua Palmer,paljos002,5,134
2024,Aaron Rodgers,QB,,NYJ,12,133,133,143,118,143,135,0.01,0.01,,Aaron Rodgers,rodaar001,7,135
2024,Adonai Mitchell,WR,,IND,14,162,154,135,147,125,136,-0.16,-0.12,,Adonai Mitchell,mitado001,,136
2024,Rico Dowdle,RB,,DAL,7,132,135,127,146,139,137,0.04,0.02,,Rico Dowdle,dowric001,9,137
2024,Ty Chandler,RB,,MIN,6,148,139,149,123,146,139,-0.06,0,,Ty Chandler,chatyy001,9,138
2024,Gabe Davis,WR,,JAX,12,166,147,145,131,151,142,-0.14,-0.03,,Gabe Davis,davgab002,,139
2024,Tyler Allgeier,RB,,ATL,12,159,143,155,122,150,142,-0.1,0,,Tyler Allgeier,alltyl001,9,140
2024,Jerry Jeudy,WR,,CLE,10,149,142,162,125,141,143,-0.04,0,,Jerry Jeudy,jeujer001,6,141
2024,Ja'Lynn Polk,WR,,NE,14,179,160,147,130,160,146,-0.19,-0.09,,Ja'Lynn Polk,poljal001,,142
2024,Jaleel McLaughlin,RB,,DEN,14,153,137,148,124,168,147,-0.04,0.07,,Jaleel McLaughlin,mcljal001,9,143
2024,Brandin Cooks,WR,,DAL,7,157,134,138,152,152,147,-0.06,0.1,,Brandin Cooks,coobra001,,144
2024,Dontayvion Wicks,WR,,GB,10,157,150,141,151,162,151,-0.04,0.01,13,Dontayvion Wicks,wicdon001,,145
2024,Deshaun Watson,QB,,CLE,10,181,145,144,133,178,152,-0.16,0.05,,Deshaun Watson,watdes001,7,146
2024,Cole Kmet,TE,,CHI,7,139,152,164,168,129,154,0.11,0.01,,Cole Kmet,kmecol001,6,147
2024,Matthew Stafford,QB,,LAR,6,147,123,132,173,158,154,0.05,0.25,,Matthew Stafford,stamat001,,148
2024,Adam Thielen,WR,,CAR,11,163,157,154,138,172,155,-0.05,-0.01,,Adam Thielen,thiada001,,149
2024,Jaylen Wright,RB,,MIA,6,143,164,161,155,148,155,0.08,-0.06,,Jaylen Wright,wrijay001,,150
2024,Luke Musgrave,TE,,GB,10,178,148,137,182,147,155,-0.13,0.05,,Luke Musgrave,musluk001,,151
2024,Antonio Gibson,RB,,NE,14,155,149,158,144,167,156,0.01,0.05,,Antonio Gibson,gibant001,,152
2024,Josh Downs,WR,,IND,14,185,146,136,170,165,157,-0.15,0.08,,Josh Downs,dowjos001,,153
2024,Taysom Hill,TE,,NO,12,161,161,146,165,161,157,-0.02,-0.02,,Taysom Hill,hiltay001,,154
2024,Darnell Mooney,WR,,ATL,12,177,155,172,127,175,158,-0.11,0.02,,Darnell Mooney,moodar001,7,155
2024,Khalil Herbert,RB,,CHI,7,185,165,139,153,187,160,-0.14,-0.03,,Khalil Herbert,herkha001,,156
2024,DeMario Douglas,WR,,NE,14,203,159,166,128,185,160,-0.21,0,14,DeMario Douglas,doudem002,,157
2024,Bucky Irving,RB,,TB,11,170,168,153,145,188,162,-0.05,-0.04,,Bucky Irving,irvbuc001,,158
2024,MarShawn Lloyd,RB,,GB,10,156,156,165,158,164,162,0.04,0.04,,MarShawn Lloyd,llomar002,,159
2024,Michael Wilson,WR,,ARI,11,176,163,152,148,190,163,-0.07,0,,Michael Wilson,wilmic001,,160
2024,Tyler Conklin,TE,,NYJ,12,197,162,173,137,191,167,-0.15,0.03,,Tyler Conklin,contyl001,6,161
2024,Xavier Legette,WR,,CAR,11,168,172,211,149,142,167,0,-0.03,,Xavier Legette,legxav001,,162
2024,Ray Davis,RB,,BUF,12,152,158,174,157,176,169,0.11,0.07,,Ray Davis,davray001,,163
2024,Baker Mayfield,QB,,TB,11,151,144,151,194,171,172,0.14,0.19,,Baker Mayfield,maybak001,,164
2024,Hunter Henry,TE,,NE,14,203,151,170,167,183,173,-0.15,0.15,,Hunter Henry,henhun001,6,165
2024,Tyrone Tracy,RB,,NYG,11,184,194,181,156,184,174,-0.06,-0.1,,Tyrone Tracy,tratyr001,,166
2024,Geno Smith,QB,,SEA,10,194,141,142,195,198,178,-0.08,0.26,,Geno Smith,smigen001,,167
2024,Rashod Bateman,WR,,BAL,14,249,167,156,181,202,180,-0.28,0.08,,Rashod Bateman,batras001,,168
2024,Cade Otton,TE,,TB,11,210,166,171,192,179,181,-0.14,0.09,15,Cade Otton,ottcad001,,169
2024,Will Levis,QB,,TEN,5,167,153,176,176,194,182,0.09,0.19,,Will Levis,levwil001,,170
2024,Braelon Allen,RB,,NYJ,12,173,171,177,201,180,186,0.08,0.09,,Braelon Allen,allbra001,,171
2024,Noah Fant,TE,,SEA,10,226,170,157,191,218,189,-0.17,0.11,,Noah Fant,fannoa001,6,172
2024,Jordan Mason,RB,,SF,9,183,179,168,154,244,189,0.03,0.05,,Jordan Mason,masjor001,,173
2024,Chigoziem Okonkwo,TE,,TEN,5,207,191,194,166,207,189,-0.09,-0.01,,Chigoziem Okonkwo,okochi001,,174
2024,Demarcus Robinson,WR,,LAR,6,267,183,187,161,220,189,-0.29,0.03,,Demarcus Robinson,robdem001,,175
2024,Kendre Miller,RB,,NO,12,230,209,212,197,166,192,-0.17,-0.08,,Kendre Miller,milken001,,176
2024,Quentin Johnston,WR,,LAC,5,199,196,192,206,182,193,-0.03,-0.01,,Quentin Johnston,johque001,7,177
2024,Jahan Dotson,WR,,PHI,5,185,178,183,240,163,195,0.06,0.1,,Jahan Dotson,dotjah001,,178
2024,Wan'Dale Robinson,WR,,NYG,11,241,173,184,178,226,196,-0.19,0.13,,Wan'Dale Robinson,robwan001,,179
2024,Marvin Mims,WR,,DEN,14,256,182,182,200,206,196,-0.23,0.08,,Marvin Mims,mimmar001,,180
2024,Isaiah Likely,TE,,BAL,14,182,175,190,226,181,199,0.09,0.14,16,Isaiah Likely,likisa001,,181
2024,Daniel Jones,QB,,NYG,11,208,169,188,175,235,199,-0.04,0.18,,Daniel Jones,jondan001,,182
2024,Dameon Pierce,RB,,HOU,14,250,204,196,213,192,200,-0.2,-0.02,,Dameon Pierce,piedam001,,183
2024,Ricky Pearsall,WR,,SF,9,237,185,206,229,169,201,-0.15,0.09,,Ricky Pearsall,pearic001,,184
2024,Jalen McMillan,WR,,TB,11,265,188,191,186,230,202,-0.24,0.08,,Jalen McMillan,mcmjal002,,185
2024,Bo Nix,QB,,DEN,14,175,180,198,196,215,203,0.16,0.13,,Bo Nix,nixboo001,,186
2024,Kimani Vidal,RB,,LAC,5,180,190,189,249,173,204,0.13,0.07,,Kimani Vidal,vidkim001,,187
2024,Bryce Young,QB,,CAR,11,201,174,221,174,223,206,0.02,0.18,,Bryce Young,youbry001,,188
2024,Ben Sinnott,TE,,WAS,14,215,202,204,254,170,209,-0.03,0.04,,Ben Sinnott,sinben001,,189
2024,Tank Bigsby,RB,,JAX,12,205,187,213,202,217,211,0.03,0.13,,Tank Bigsby,bigtan001,,190
2024,Troy Franklin,WR,,DEN,14,214,219,251,209,174,211,-0.01,-0.04,,Troy Franklin,fratro001,,191
2024,Juwan Johnson,TE,,NO,12,260,176,230,169,243,214,-0.18,0.22,,Juwan Johnson,johjuw001,,192
2024,Andrei Iosivas,WR,,CIN,12,275,203,223,205,,214,-0.22,0.05,17,Andrei Iosivas,iosand001,,193
2024,Roschon Johnson,RB,,CHI,7,231,184,197,218,231,215,-0.07,0.17,,Roschon Johnson,johros001,9,194
2024,Malachi Corley,WR,,NYJ,12,212,211,232,210,208,217,0.02,0.03,,Malachi Corley,cormal001,,195
2024,Darius Slayton,WR,,NYG,11,308,199,193,185,275,218,-0.29,0.09,,Darius Slayton,sladar001,,196
2024,Derek Carr,QB,,NO,12,205,181,180,236,239,218,0.07,0.21,,Derek Carr,carder001,,197
2024,Jonnu Smith,TE,,MIA,6,198,210,202,227,234,221,0.12,0.05,,Jonnu Smith,smijon001,6,198
2024,Kendrick Bourne,WR,,NE,14,317,217,207,180,277,221,-0.3,0.02,,Kendrick Bourne,bouken001,,199
2024,Alexander Mattison,RB,,LV,10,217,192,261,189,224,225,0.04,0.17,,Alexander Mattison,matale001,,200
2024,Tyler Boyd,WR,,TEN,5,275,195,257,179,238,225,-0.18,0.15,,Tyler Boyd,boytyl001,,201
2024,Jalin Hyatt,WR,,NYG,11,305,200,242,162,270,225,-0.26,0.12,,Jalin Hyatt,hyajal001,,202
2024,Clyde Edwards-Helaire,RB,,KC,6,234,212,289,171,216,225,-0.04,0.06,,Clyde Edwards-Helaire,edwcly001,,203
2024,Kenneth Gainwell,RB,,PHI,5,254,208,218,199,259,225,-0.11,0.08,,Kenneth Gainwell,gaiken001,,204
2024,DJ Chark,WR,,LAC,5,288,213,263,177,236,225,-0.22,0.06,18,DJ Chark,chadjj001,,205
2024,Miles Sanders,RB,,CAR,11,293,221,216,159,306,227,-0.23,0.03,,Miles Sanders,sanmil001,,206
2024,Sam Darnold,QB,,MIN,6,222,177,179,260,246,228,0.03,0.29,,Sam Darnold,darsam001,,207
2024,Audric Estime,RB,,DEN,14,218,186,274,216,209,233,0.07,0.25,,Audric Estime,estaud001,,208
2024,Roman Wilson,WR,,PIT,9,262,197,205,305,189,233,-0.11,0.18,,Roman Wilson,wilrom001,,209
2024,Jermaine Burton,WR,,CIN,12,211,198,248,258,196,234,0.11,0.18,,Jermaine Burton,burjer001,,210
2024,Jamaal Williams,RB,,NO,12,246,216,266,188,254,236,-0.04,0.09,,Jamaal Williams,wiljam002,,211
2024,Justice Hill,RB,,BAL,14,244,193,252,212,245,236,-0.03,0.22,,Justice Hill,hiljus001,,212
2024,Mike Gesicki,TE,,CIN,12,268,207,228,257,228,238,-0.11,0.15,,Mike Gesicki,gesmik001,,213
2024,Elijah Moore,WR,,CLE,10,290,206,209,241,268,239,-0.17,0.16,,Elijah Moore,mooeli001,,214
2024,Trey Sermon,RB,,IND,14,286,215,259,215,251,242,-0.16,0.12,,Trey Sermon,sertre001,,215
2024,Will Shipley,RB,,PHI,5,236,214,245,268,219,244,0.03,0.14,,Will Shipley,shiwil001,,216
2024,Tucker Kraft,TE,,GB,10,300,201,278,183,276,246,-0.18,0.22,,Tucker Kraft,kratuc001,,217
2024,Zach Ertz,TE,,WAS,14,220,225,226,273,262,254,0.15,0.13,,Zach Ertz,ertzac001,,218
2024,Drake Maye,QB,,NE,14,213,205,323,237,221,260,0.22,0.27,,Drake Maye,maydra001,,219
2024,Justin Fields,QB,,PIT,9,188,223,325,262,204,264,0.4,0.18,,Justin Fields,fiejus001,,220
2024,Russell Wilson,QB,,PIT,9,190,189,322,235,241,266,0.4,0.41,,Russell Wilson,wilrus001,,221
2024,Dylan Laube,RB,,LV,10,298,224,290,280,249,273,-0.08,0.22,,Dylan Laube,laudyl001,,222
2024,Gardner Minshew,QB,,LV,10,237,222,329,238,269,279,0.18,0.26,,Gardner Minshew,mingar001,,223
2024,Keaton Mitchell,RB,,BAL,14,,,,,,#DIV/0!,#DIV/0!,#DIV/0!,,Keaton Mitchell,mitkea001,,224
2024,Michael Mayer,TE,,LV,10,,,,,,#DIV/0!,#DIV/0!,#DIV/0!,,Michael Mayer,maymic001,,225