player_name,position,season,scouting_blurb,Rnd,Pick,Tm,Age,To,AP1,PB,St,wAV,DrAV,G,Cmp,Att,Yds,TD,Int,Att.1,Yds.1,TD.1,Rec,Yds.2,TD.2,Solo,Int.1,Sk,College/Univ,Unnamed: 28,-9999,player_id
Trevor Lawrence,QB,2021,"A quarterback from , selected in Round 1.0, Pick 1, with notable passing experience.",1.0,1.0,JAX,21.0,2024.0,0.0,1.0,4.0,39.0,39.0,60.0,1288.0,2034.0,13815.0,69.0,46.0,231.0,1083.0,14.0,0.0,-5.0,0.0,4.0,,,Clemson,College Stats,LawrTr00,lawtre001
Zach Wilson,QB,2021,"A quarterback from , selected in Round 1.0, Pick 2, with notable passing experience.",1.0,2.0,NYJ,22.0,2023.0,0.0,0.0,3.0,13.0,13.0,34.0,566.0,993.0,6293.0,23.0,25.0,93.0,498.0,5.0,1.0,2.0,1.0,1.0,,,BYU,College Stats,WilsZa00,wilzac001
Trey Lance,QB,2021,"A quarterback from , selected in Round 1.0, Pick 3, with notable passing experience.",1.0,3.0,SFO,21.0,2024.0,0.0,0.0,0.0,5.0,4.0,12.0,81.0,143.0,1063.0,5.0,4.0,65.0,276.0,1.0,0.0,0.0,0.0,1.0,,,North Dakota St.,College Stats,LancTr00,lantre001
Kyle Pitts,TE,2021,"A tight end out of , picked in Round 1.0, Pick 4, with solid athletic traits.",1.0,4.0,ATL,20.0,2024.0,0.0,1.0,4.0,21.0,21.0,61.0,0.0,0.0,0.0,0.0,0.0,1.0,-4.0,0.0,196.0,2651.0,10.0,3.0,,,Florida,College Stats,PittKy00,pitkyl001
Ja'Marr Chase,WR,2021,"A wide receiver from , drafted in Round 1.0, Pick 5, known for receiving potential.",1.0,5.0,CIN,21.0,2024.0,1.0,4.0,4.0,48.0,48.0,62.0,1.0,1.0,-7.0,0.0,0.0,18.0,55.0,0.0,395.0,5425.0,46.0,6.0,,,LSU,College Stats,ChasJa00,chajam001
Jaylen Waddle,WR,2021,"A wide receiver from , drafted in Round 1.0, Pick 6, known for receiving potential.",1.0,6.0,MIA,22.0,2024.0,0.0,0.0,4.0,34.0,34.0,62.0,0.0,0.0,0.0,0.0,0.0,12.0,53.0,1.0,309.0,4129.0,20.0,4.0,,,Alabama,College Stats,WaddJa00,wadjay001
Devonta Smith,WR,2021,"A wide receiver from , drafted in Round 1.0, Pick 10, known for receiving potential.",1.0,10.0,PHI,22.0,2024.0,0.0,0.0,4.0,40.0,40.0,63.0,0.0,0.0,0.0,0.0,0.0,1.0,1.0,0.0,308.0,4011.0,27.0,1.0,,,Alabama,College Stats,SmitDe07,smidev002
Justin Fields,QB,2021,"A quarterback from , selected in Round 1.0, Pick 11, with notable passing experience.",1.0,11.0,CHI,22.0,2024.0,0.0,0.0,3.0,39.0,34.0,50.0,684.0,1119.0,7780.0,45.0,31.0,418.0,2509.0,19.0,0.0,0.0,0.0,,,,Ohio St.,College Stats,FielJu00,fiejus001
Mac Jones,QB,2021,"A quarterback from , selected in Round 1.0, Pick 15, with notable passing experience.",1.0,15.0,NWE,23.0,2024.0,0.0,1.0,3.0,27.0,24.0,52.0,1035.0,1570.0,10590.0,54.0,44.0,145.0,419.0,2.0,0.0,0.0,0.0,1.0,,,Alabama,College Stats,JoneMa05,jonmac001
Kadarius Toney,WR,2021,"A wide receiver from , drafted in Round 1.0, Pick 20, known for receiving potential.",1.0,20.0,NYG,22.0,2024.0,0.0,0.0,0.0,7.0,3.0,35.0,1.0,4.0,19.0,0.0,0.0,23.0,115.0,1.0,82.0,760.0,3.0,1.0,,,Florida,College Stats,ToneKa00,tonkad001
Najee Harris,RB,2021,"A running back from , taken in Round 1.0, Pick 24, with strong rushing upside.",1.0,24.0,PIT,23.0,2024.0,0.0,1.0,4.0,29.0,29.0,68.0,1.0,1.0,4.0,0.0,0.0,1097.0,4312.0,28.0,180.0,1149.0,6.0,4.0,,,Alabama,College Stats,HarrNa00,harnaj001
Travis Etienne,RB,2021,"A running back from , taken in Round 1.0, Pick 25, with strong rushing upside.",1.0,25.0,JAX,22.0,2024.0,0.0,0.0,3.0,24.0,24.0,49.0,0.0,0.0,0.0,0.0,0.0,637.0,2691.0,18.0,132.0,1046.0,1.0,,,,Clemson,College Stats,EtieTr00,etitra001
Rashod Bateman,WR,2021,"A wide receiver from , drafted in Round 1.0, Pick 27, known for receiving potential.",1.0,27.0,BAL,21.0,2024.0,0.0,0.0,2.0,18.0,18.0,51.0,0.0,0.0,0.0,0.0,0.0,1.0,18.0,0.0,138.0,1923.0,13.0,,,,Minnesota,College Stats,BateRa00,batras001
Elijah Moore,WR,2021,"A wide receiver from , drafted in Round 2.0, Pick 34, known for receiving potential.",2.0,34.0,NYJ,21.0,2024.0,0.0,0.0,3.0,14.0,7.0,61.0,0.0,0.0,0.0,0.0,0.0,20.0,71.0,1.0,200.0,2162.0,9.0,4.0,,,Mississippi,College Stats,MoorEl00,mooeli001
Javonte Williams,RB,2021,"A running back from , taken in Round 2.0, Pick 35, with strong rushing upside.",2.0,35.0,DEN,21.0,2024.0,0.0,0.0,2.0,20.0,20.0,54.0,0.0,0.0,0.0,0.0,0.0,606.0,2394.0,11.0,158.0,966.0,5.0,1.0,,,North Carolina,College Stats,WillJa10,wiljav001
Rondale Moore,WR,2021,"A wide receiver from , drafted in Round 2.0, Pick 49, known for receiving potential.",2.0,49.0,ARI,21.0,2023.0,0.0,0.0,0.0,12.0,12.0,39.0,0.0,0.0,0.0,0.0,0.0,52.0,249.0,1.0,135.0,1201.0,3.0,1.0,,,Purdue,College Stats,MoorRo02,mooron001
Pat Freiermuth,TE,2021,"A tight end out of , picked in Round 2.0, Pick 55, with solid athletic traits.",2.0,55.0,PIT,22.0,2024.0,0.0,0.0,2.0,18.0,18.0,61.0,0.0,0.0,0.0,0.0,0.0,0.0,0.0,0.0,220.0,2190.0,18.0,2.0,,,Penn St.,College Stats,FreiPa00,frepat001
D'Wayne Eskridge,WR,2021,"A wide receiver from , drafted in Round 2.0, Pick 56, known for receiving potential.",2.0,56.0,SEA,24.0,2024.0,0.0,0.0,0.0,2.0,2.0,30.0,0.0,0.0,0.0,0.0,0.0,8.0,74.0,0.0,20.0,166.0,1.0,1.0,,,Western Michigan,College Stats,EskrDW00,eskdwa001
Tutu Atwell,WR,2021,"A wide receiver from , drafted in Round 2.0, Pick 57, known for receiving potential.",2.0,57.0,LAR,21.0,2024.0,0.0,0.0,1.0,12.0,12.0,54.0,0.0,1.0,0.0,0.0,0.0,16.0,72.0,1.0,99.0,1343.0,4.0,,,,Louisville,College Stats,AtweTu00,atwtut001
Terrace Marshall Jr.,WR,2021,"A wide receiver from , drafted in Round 2.0, Pick 59, known for receiving potential.",2.0,59.0,CAR,21.0,2024.0,0.0,0.0,1.0,6.0,6.0,43.0,0.0,0.0,0.0,0.0,0.0,0.0,0.0,0.0,67.0,808.0,1.0,1.0,,,LSU,College Stats,MarsTe00,jrrter001
Kyle Trask,QB,2021,"A quarterback from , selected in Round 2.0, Pick 64, with notable passing experience.",2.0,64.0,TAM,23.0,2024.0,0.0,0.0,0.0,0.0,0.0,7.0,4.0,11.0,28.0,0.0,0.0,6.0,-5.0,0.0,0.0,0.0,0.0,,,,Florida,College Stats,TrasKy00,trakyl001
Kellen Mond,QB,2021,"A quarterback from , selected in Round 3.0, Pick 66, with notable passing experience.",3.0,66.0,MIN,22.0,2021.0,0.0,0.0,0.0,0.0,0.0,1.0,2.0,3.0,5.0,0.0,0.0,0.0,0.0,0.0,0.0,0.0,0.0,,,,Texas A&M,College Stats,MondKe00,monkel001
Davis Mills,QB,2021,"A quarterback from , selected in Round 3.0, Pick 67, with notable passing experience.",3.0,67.0,HOU,22.0,2024.0,0.0,0.0,2.0,15.0,15.0,38.0,593.0,948.0,6167.0,35.0,25.0,55.0,172.0,2.0,0.0,0.0,0.0,2.0,,,Stanford,College Stats,MillDa02,mildav001
Josh Palmer,WR,2021,"A wide receiver from , drafted in Round 3.0, Pick 77, known for receiving potential.",3.0,77.0,LAC,21.0,2024.0,0.0,0.0,1.0,19.0,19.0,58.0,0.0,0.0,0.0,0.0,0.0,3.0,16.0,0.0,182.0,2287.0,10.0,2.0,,,Tennessee,College Stats,PalmJo00,paljos001
Hunter Long,TE,2021,"A tight end out of , picked in Round 3.0, Pick 81, with solid athletic traits.",3.0,81.0,MIA,23.0,2024.0,0.0,0.0,0.0,1.0,0.0,37.0,0.0,0.0,0.0,0.0,0.0,0.0,0.0,0.0,8.0,68.0,0.0,3.0,,,Boston Col.,College Stats,LongHu00,lonhun001
Dyami Brown,WR,2021,"A wide receiver from , drafted in Round 3.0, Pick 82, known for receiving potential.",3.0,82.0,WAS,21.0,2024.0,0.0,0.0,0.0,6.0,6.0,63.0,1.0,2.0,4.0,0.0,0.0,6.0,37.0,0.0,59.0,784.0,4.0,4.0,,,North Carolina,College Stats,BrowDy00,brodya001
Tommy Tremble,TE,2021,"A tight end out of , picked in Round 3.0, Pick 83, with solid athletic traits.",3.0,83.0,CAR,21.0,2024.0,0.0,0.0,1.0,6.0,6.0,61.0,0.0,0.0,0.0,0.0,0.0,3.0,11.0,1.0,85.0,782.0,9.0,7.0,,,Notre Dame,College Stats,TremTo00,tretom001
Amari Rodgers,WR,2021,"A wide receiver from , drafted in Round 3.0, Pick 85, known for receiving potential.",3.0,85.0,GNB,21.0,2023.0,0.0,0.0,0.0,2.0,1.0,35.0,0.0,0.0,0.0,0.0,0.0,3.0,18.0,0.0,20.0,249.0,1.0,3.0,,,Clemson,College Stats,RodgAm00,rodama001
Trey Sermon,RB,2021,"A running back from , taken in Round 3.0, Pick 88, with strong rushing upside.",3.0,88.0,SFO,22.0,2024.0,0.0,0.0,0.0,4.0,1.0,42.0,0.0,0.0,0.0,0.0,0.0,134.0,505.0,3.0,22.0,138.0,0.0,1.0,,,Ohio St.,College Stats,SermTr00,sertre001
Nico Collins,WR,2021,"A wide receiver from , drafted in Round 3.0, Pick 89, known for receiving potential.",3.0,89.0,HOU,22.0,2024.0,0.0,1.0,1.0,25.0,25.0,51.0,0.0,0.0,0.0,0.0,0.0,1.0,7.0,0.0,218.0,3230.0,18.0,2.0,,,Michigan,College Stats,CollNi00,colnic001
Anthony Schwartz,WR,2021,"A wide receiver from , drafted in Round 3.0, Pick 91, known for receiving potential.",3.0,91.0,CLE,21.0,2022.0,0.0,0.0,0.0,2.0,2.0,25.0,0.0,0.0,0.0,0.0,0.0,10.0,96.0,1.0,14.0,186.0,1.0,3.0,,,Auburn,College Stats,SchwAn00,schant001
Tre' Mckitty,TE,2021,"A tight end out of , picked in Round 3.0, Pick 97, with solid athletic traits.",3.0,97.0,LAC,22.0,2023.0,0.0,0.0,0.0,1.0,1.0,34.0,0.0,0.0,0.0,0.0,0.0,0.0,0.0,0.0,16.0,117.0,0.0,2.0,,,Georgia,College Stats,McKiTr00,mcktre002
Michael Carter,RB,2021,"A running back from , taken in Round 4.0, Pick 107, with strong rushing upside.",4.0,107.0,NYJ,22.0,2024.0,0.0,0.0,2.0,12.0,11.0,48.0,0.0,0.0,0.0,0.0,0.0,326.0,1359.0,8.0,112.0,771.0,1.0,1.0,,,North Carolina,College Stats,CartMi03,carmic001
Dez Fitzpatrick,WR,2021,"A wide receiver from , drafted in Round 4.0, Pick 109, known for receiving potential.",4.0,109.0,TEN,23.0,2024.0,0.0,0.0,0.0,0.0,0.0,7.0,0.0,0.0,0.0,0.0,0.0,0.0,0.0,0.0,5.0,49.0,1.0,1.0,,,Louisville,College Stats,FitzDe00,fitdez001
Amon-Ra St. Brown,WR,2021,"A wide receiver from , drafted in Round 4.0, Pick 112, known for receiving potential.",4.0,112.0,DET,21.0,2024.0,2.0,3.0,3.0,47.0,47.0,66.0,1.0,1.0,7.0,1.0,0.0,22.0,186.0,1.0,430.0,4851.0,33.0,1.0,,,USC,College Stats,StxxAm00,broamo001
Kene Nwangwu,RB,2021,"A running back from , taken in Round 4.0, Pick 119, with strong rushing upside.",4.0,119.0,MIN,23.0,2024.0,0.0,0.0,0.0,4.0,3.0,39.0,0.0,0.0,0.0,0.0,0.0,27.0,88.0,0.0,6.0,30.0,0.0,5.0,,,Iowa St.,College Stats,NwanKe00,nwaken001
Rhamondre Stevenson,RB,2021,"A running back from , taken in Round 4.0, Pick 120, with strong rushing upside.",4.0,120.0,NWE,23.0,2024.0,0.0,0.0,2.0,22.0,22.0,56.0,0.0,0.0,0.0,0.0,0.0,706.0,3066.0,21.0,154.0,950.0,2.0,3.0,,,Oklahoma,College Stats,StevRh00,sterha001
John Bates,TE,2021,"A tight end out of , picked in Round 4.0, Pick 124, with solid athletic traits.",4.0,124.0,WAS,23.0,2024.0,0.0,0.0,0.0,5.0,5.0,67.0,0.0,0.0,0.0,0.0,0.0,0.0,0.0,0.0,61.0,592.0,2.0,5.0,,,Boise St.,College Stats,BateJo00,batjoh001
Chuba Hubbard,RB,2021,"A running back from , taken in Round 4.0, Pick 126, with strong rushing upside.",4.0,126.0,CAR,22.0,2024.0,0.0,0.0,2.0,23.0,23.0,64.0,0.0,0.0,0.0,0.0,0.0,755.0,3175.0,22.0,121.0,749.0,2.0,4.0,,,Oklahoma St.,College Stats,HubbCh01,hubchu001
Kylen Granson,TE,2021,"A tight end out of , picked in Round 4.0, Pick 127, with solid athletic traits.",4.0,127.0,IND,23.0,2024.0,0.0,0.0,0.0,8.0,8.0,62.0,0.0,0.0,0.0,0.0,0.0,2.0,2.0,0.0,86.0,958.0,1.0,9.0,,,SMU,College Stats,GranKy00,grakyl001
Jaelon Darden,WR,2021,"A wide receiver from , drafted in Round 4.0, Pick 129, known for receiving potential.",4.0,129.0,TAM,22.0,2024.0,0.0,0.0,0.0,0.0,0.0,36.0,0.0,0.0,0.0,0.0,0.0,2.0,13.0,0.0,9.0,75.0,0.0,,,,North Texas,College Stats,DardJa00,darjae001
Tylan Wallace,WR,2021,"A wide receiver from , drafted in Round 4.0, Pick 131, known for receiving potential.",4.0,131.0,BAL,22.0,2024.0,0.0,0.0,0.0,3.0,3.0,54.0,0.0,0.0,0.0,0.0,0.0,0.0,0.0,0.0,18.0,260.0,1.0,8.0,,,Oklahoma St.,College Stats,WallTy00,waltyl001
Ian Book,QB,2021,"A quarterback from , selected in Round 4.0, Pick 133, with notable passing experience.",4.0,133.0,NOR,23.0,2021.0,0.0,0.0,0.0,0.0,0.0,1.0,12.0,20.0,135.0,0.0,2.0,3.0,6.0,0.0,0.0,0.0,0.0,,,,Notre Dame,College Stats,BookIa00,booian001
Jacob Harris,WR,2021,"A wide receiver from , drafted in Round 4.0, Pick 141, known for receiving potential.",4.0,141.0,LAR,24.0,2023.0,0.0,0.0,0.0,0.0,0.0,18.0,0.0,0.0,0.0,0.0,0.0,0.0,0.0,0.0,1.0,6.0,0.0,2.0,,,Central Florida,College Stats,HarrJa03,harjac001
Luke Farrell,TE,2021,"A tight end out of , picked in Round 5.0, Pick 145, with solid athletic traits.",5.0,145.0,JAX,23.0,2024.0,0.0,0.0,0.0,2.0,2.0,66.0,0.0,0.0,0.0,0.0,0.0,0.0,0.0,0.0,36.0,318.0,0.0,4.0,,,Ohio St.,College Stats,FarrLu00,farluk001
Brevin Jordan,TE,2021,"A tight end out of , picked in Round 5.0, Pick 147, with solid athletic traits.",5.0,147.0,HOU,21.0,2024.0,0.0,0.0,0.0,4.0,4.0,36.0,0.0,0.0,0.0,0.0,0.0,0.0,0.0,0.0,53.0,532.0,5.0,1.0,,,Miami (FL),College Stats,JordBr00,jorbre001
Kenneth Gainwell,RB,2021,"A running back from , taken in Round 5.0, Pick 150, with strong rushing upside.",5.0,150.0,PHI,22.0,2024.0,0.0,0.0,0.0,16.0,16.0,66.0,1.0,1.0,17.0,0.0,0.0,280.0,1185.0,12.0,102.0,721.0,1.0,5.0,,,Memphis,College Stats,GainKe00,gaiken001
Ihmir Smith-Marsette,WR,2021,"A wide receiver from , drafted in Round 5.0, Pick 157, known for receiving potential.",5.0,157.0,MIN,22.0,2024.0,0.0,0.0,0.0,4.0,1.0,48.0,0.0,0.0,0.0,0.0,0.0,9.0,73.0,1.0,14.0,182.0,2.0,1.0,,,Iowa,College Stats,SmitIh00,smiihm001
Noah Gray,TE,2021,"A tight end out of , picked in Round 5.0, Pick 162, with solid athletic traits.",5.0,162.0,KAN,22.0,2024.0,0.0,0.0,2.0,10.0,10.0,67.0,0.0,0.0,0.0,0.0,0.0,3.0,-2.0,1.0,103.0,1077.0,9.0,4.0,,,Duke,College Stats,GrayNo00,granoa001
Zach Davidson,TE,2021,"A tight end out of , picked in Round 5.0, Pick 168, with solid athletic traits.",5.0,168.0,MIN,23.0,2024.0,0.0,0.0,0.0,0.0,,2.0,0.0,0.0,0.0,0.0,0.0,0.0,0.0,0.0,1.0,5.0,0.0,,,,Central Missouri St.,,DaviZa00,davzac001
Simi Fehoko,WR,2021,"A wide receiver from , drafted in Round 5.0, Pick 179, known for receiving potential.",5.0,179.0,DAL,23.0,2024.0,0.0,0.0,0.0,1.0,0.0,24.0,0.0,0.0,0.0,0.0,0.0,0.0,0.0,0.0,10.0,139.0,1.0,2.0,,,Stanford,College Stats,FehoSi00,fehsim001
Cornell Powell,WR,2021,"A wide receiver from , drafted in Round 5.0, Pick 181, known for receiving potential.",5.0,181.0,KAN,23.0,2022.0,0.0,0.0,0.0,0.0,0.0,3.0,0.0,0.0,0.0,0.0,0.0,0.0,0.0,0.0,0.0,0.0,0.0,,,,Clemson,College Stats,PoweCo00,powcor001
Frank Darby,WR,2021,"A wide receiver from , drafted in Round 6.0, Pick 187, known for receiving potential.",6.0,187.0,ATL,23.0,2023.0,0.0,0.0,0.0,0.0,0.0,16.0,0.0,0.0,0.0,0.0,0.0,0.0,0.0,0.0,2.0,29.0,0.0,,,,Arizona St.,College Stats,DarbFr00,darfra001
Elijah Mitchell,RB,2021,"A running back from , taken in Round 6.0, Pick 194, with strong rushing upside.",6.0,194.0,SFO,23.0,2023.0,0.0,0.0,0.0,11.0,11.0,27.0,0.0,0.0,0.0,0.0,0.0,327.0,1523.0,9.0,28.0,158.0,1.0,,,,Louisiana,College Stats,MitcEl00,miteli001
Gary Brightwell,RB,2021,"A running back from , taken in Round 6.0, Pick 196, with strong rushing upside.",6.0,196.0,NYG,22.0,2024.0,0.0,0.0,0.0,1.0,1.0,39.0,0.0,0.0,0.0,0.0,0.0,41.0,164.0,1.0,11.0,92.0,0.0,3.0,,,Arizona,College Stats,BrigGa00,brigar001
Larry Rountree,RB,2021,"A running back from , taken in Round 6.0, Pick 198, with strong rushing upside.",6.0,198.0,LAC,22.0,2022.0,0.0,0.0,0.0,1.0,1.0,16.0,0.0,0.0,0.0,0.0,0.0,49.0,106.0,1.0,3.0,13.0,0.0,,,,Missouri,College Stats,RounLa00,roular001
Chris Evans,RB,2021,"A running back from , taken in Round 6.0, Pick 202, with strong rushing upside.",6.0,202.0,CIN,23.0,2023.0,0.0,0.0,0.0,2.0,2.0,34.0,0.0,0.0,0.0,0.0,0.0,19.0,89.0,0.0,19.0,188.0,3.0,6.0,,,Michigan,College Stats,EvanCh02,evachr001
Marquez Stevenson,WR,2021,"A wide receiver from , drafted in Round 6.0, Pick 203, known for receiving potential.",6.0,203.0,BUF,23.0,2021.0,0.0,0.0,0.0,0.0,0.0,5.0,0.0,0.0,0.0,0.0,0.0,0.0,0.0,0.0,0.0,0.0,0.0,,,,Houston,College Stats,StevMa00,stemar001
Shi Smith,WR,2021,"A wide receiver from , drafted in Round 6.0, Pick 204, known for receiving potential.",6.0,204.0,CAR,22.0,2022.0,0.0,0.0,0.0,4.0,4.0,23.0,0.0,0.0,0.0,0.0,0.0,1.0,-3.0,0.0,28.0,400.0,2.0,4.0,,,South Carolina,College Stats,SmitSh03,smishi001
Racey Mcmath,WR,2021,"A wide receiver from , drafted in Round 6.0, Pick 205, known for receiving potential.",6.0,205.0,TEN,22.0,2022.0,0.0,0.0,0.0,0.0,0.0,14.0,0.0,0.0,0.0,0.0,0.0,1.0,4.0,0.0,4.0,48.0,0.0,2.0,,,LSU,College Stats,McMaRa00,mcmrac002
Jalen Camp,WR,2021,"A wide receiver from , drafted in Round 6.0, Pick 209, known for receiving potential.",6.0,209.0,JAX,23.0,2022.0,0.0,0.0,0.0,0.0,,5.0,0.0,0.0,0.0,0.0,0.0,0.0,0.0,0.0,1.0,7.0,0.0,,,,Georgia Tech,College Stats,CampJa03,camjal001
Demetric Felton,RB,2021,"A running back from , taken in Round 6.0, Pick 211, with strong rushing upside.",6.0,211.0,CLE,23.0,2022.0,0.0,0.0,0.0,2.0,2.0,24.0,0.0,0.0,0.0,0.0,0.0,8.0,20.0,0.0,20.0,189.0,2.0,3.0,,,UCLA,College Stats,FeltDe00,feldem001
Khalil Herbert,RB,2021,"A running back from , taken in Round 6.0, Pick 217, with strong rushing upside.",6.0,217.0,CHI,23.0,2024.0,0.0,0.0,1.0,13.0,12.0,56.0,0.0,0.0,0.0,0.0,0.0,400.0,1905.0,9.0,53.0,312.0,2.0,6.0,,,Virginia Tech,College Stats,HerbKh00,herkha001
Sam Ehlinger,QB,2021,"A quarterback from , selected in Round 6.0, Pick 218, with notable passing experience.",6.0,218.0,IND,22.0,2023.0,0.0,0.0,0.0,2.0,2.0,8.0,64.0,101.0,573.0,3.0,3.0,20.0,96.0,0.0,0.0,0.0,0.0,,,,Texas,College Stats,EhliSa00,ehlsam001
Seth Williams,WR,2021,"A wide receiver from , drafted in Round 6.0, Pick 219, known for receiving potential.",6.0,219.0,DEN,21.0,2021.0,0.0,0.0,0.0,0.0,0.0,2.0,0.0,0.0,0.0,0.0,0.0,0.0,0.0,0.0,1.0,34.0,0.0,,,,Auburn,College Stats,WillSe00,wilset001
Dazz Newsome,WR,2021,"A wide receiver from , drafted in Round 6.0, Pick 221, known for receiving potential.",6.0,221.0,CHI,22.0,2021.0,0.0,0.0,0.0,0.0,0.0,3.0,0.0,0.0,0.0,0.0,0.0,0.0,0.0,0.0,2.0,23.0,0.0,1.0,,,North Carolina,College Stats,NewsDa00,newdaz001
Mike Strachan,WR,2021,"A wide receiver from , drafted in Round 7.0, Pick 229, known for receiving potential.",7.0,229.0,IND,24.0,2023.0,0.0,0.0,0.0,0.0,0.0,23.0,0.0,0.0,0.0,0.0,0.0,0.0,0.0,0.0,6.0,130.0,0.0,,,,Charleston (WV),,StraMi03,strmik001
Jake Funk,RB,2021,"A running back from , taken in Round 7.0, Pick 233, with strong rushing upside.",7.0,233.0,LAR,23.0,2023.0,0.0,0.0,0.0,0.0,0.0,20.0,0.0,0.0,0.0,0.0,0.0,4.0,15.0,0.0,1.0,12.0,0.0,1.0,,,Maryland,College Stats,FunkJa00,funjak001
Tre Nixon,WR,2021,"A wide receiver from , drafted in Round 7.0, Pick 242, known for receiving potential.",7.0,242.0,NWE,23.0,,0.0,0.0,0.0,,,,,,,,,,,,,,,,,,Central Florida,College Stats,NixoTr01,nixtre001
Gerrid Doaks,RB,2021,"A running back from , taken in Round 7.0, Pick 244, with strong rushing upside.",7.0,244.0,MIA,23.0,,0.0,0.0,0.0,,,,,,,,,,,,,,,,,,Cincinnati,College Stats,DoakGe00,doager001
Ben Skowronek,WR,2021,"A wide receiver from , drafted in Round 7.0, Pick 249, known for receiving potential.",7.0,249.0,LAR,24.0,2024.0,0.0,0.0,1.0,7.0,6.0,55.0,0.0,0.0,0.0,0.0,0.0,3.0,26.0,1.0,63.0,644.0,1.0,22.0,,,Notre Dame,College Stats,SkowBe00,skoben001
Kawaan Baker,WR,2021,"A wide receiver from , drafted in Round 7.0, Pick 255, known for receiving potential.",7.0,255.0,NOR,23.0,2021.0,0.0,0.0,0.0,0.0,0.0,2.0,0.0,0.0,0.0,0.0,0.0,0.0,0.0,0.0,0.0,0.0,0.0,1.0,,,South Alabama,College Stats,BakeKa00,bakkaw001
Kylin Hill,RB,2021,"A running back from , taken in Round 7.0, Pick 256, with strong rushing upside.",7.0,256.0,GNB,23.0,2022.0,0.0,0.0,0.0,0.0,0.0,10.0,0.0,0.0,0.0,0.0,0.0,11.0,31.0,0.0,1.0,5.0,0.0,1.0,,,Mississippi St.,College Stats,HillKy00,hilkyl001
Jermar Jefferson,RB,2021,"A running back from , taken in Round 7.0, Pick 257, with strong rushing upside.",7.0,257.0,DET,21.0,2024.0,0.0,0.0,0.0,1.0,1.0,9.0,0.0,0.0,0.0,0.0,0.0,21.0,96.0,2.0,5.0,33.0,0.0,,,,Oregon St.,College Stats,JeffJe00,jefjer001
Dax Milne,WR,2021,"A wide receiver from , drafted in Round 7.0, Pick 258, known for receiving potential.",7.0,258.0,WAS,22.0,2022.0,0.0,0.0,0.0,1.0,1.0,28.0,0.0,0.0,0.0,0.0,0.0,1.0,1.0,0.0,15.0,120.0,1.0,,,,BYU,College Stats,MilnDa00,mildax001
Drake London,WR,2022,"A wide receiver from , drafted in Round 1.0, Pick 8, known for receiving potential.",1.0,8.0,ATL,21.0,2024.0,0.0,0.0,3.0,25.0,25.0,50.0,1.0,1.0,22.0,0.0,0.0,1.0,-3.0,0.0,241.0,3042.0,15.0,2.0,,,USC,College Stats,LondDr00,londra001
Garrett Wilson,WR,2022,"A wide receiver from , drafted in Round 1.0, Pick 10, known for receiving potential.",1.0,10.0,NYJ,22.0,2024.0,0.0,0.0,3.0,24.0,24.0,51.0,0.0,2.0,0.0,0.0,0.0,10.0,9.0,0.0,279.0,3249.0,14.0,1.0,,,Ohio St.,College Stats,WilsGa00,wilgar001
Chris Olave,WR,2022,"A wide receiver from , drafted in Round 1.0, Pick 11, known for receiving potential.",1.0,11.0,NOR,22.0,2024.0,0.0,0.0,3.0,20.0,20.0,39.0,0.0,0.0,0.0,0.0,0.0,1.0,7.0,0.0,191.0,2565.0,10.0,3.0,,,Ohio St.,College Stats,OlavCh00,olachr001
Jameson Williams,WR,2022,"A wide receiver from , drafted in Round 1.0, Pick 12, known for receiving potential.",1.0,12.0,DET,21.0,2024.0,0.0,0.0,1.0,16.0,16.0,33.0,0.0,0.0,0.0,0.0,0.0,15.0,130.0,2.0,83.0,1396.0,10.0,,,,Alabama,College Stats,WillJa11,wiljam001
Jahan Dotson,WR,2022,"A wide receiver from , drafted in Round 1.0, Pick 16, known for receiving potential.",1.0,16.0,WAS,22.0,2024.0,0.0,0.0,2.0,11.0,8.0,46.0,0.0,0.0,0.0,0.0,0.0,3.0,6.0,0.0,103.0,1257.0,11.0,2.0,,,Penn St.,College Stats,DotsJa00,dotjah001
Treylon Burks,WR,2022,"A wide receiver from , drafted in Round 1.0, Pick 18, known for receiving potential.",1.0,18.0,TEN,22.0,2024.0,0.0,0.0,1.0,6.0,6.0,27.0,0.0,0.0,0.0,0.0,0.0,11.0,66.0,0.0,53.0,699.0,1.0,,,,Arkansas,College Stats,BurkTr00,burtre001
Kenny Pickett,QB,2022,"A quarterback from , selected in Round 1.0, Pick 20, with notable passing experience.",1.0,20.0,PIT,24.0,2024.0,0.0,0.0,2.0,14.0,13.0,30.0,471.0,755.0,4765.0,15.0,14.0,106.0,306.0,5.0,0.0,0.0,0.0,2.0,,,Pittsburgh,College Stats,PickKe00,picken001
Christian Watson,WR,2022,"A wide receiver from , drafted in Round 2.0, Pick 34, known for receiving potential.",2.0,34.0,GNB,23.0,2024.0,0.0,0.0,3.0,16.0,16.0,38.0,0.0,0.0,0.0,0.0,0.0,15.0,114.0,2.0,98.0,1653.0,14.0,,,,North Dakota St.,,WatsCh00,watchr001
Breece Hall,RB,2022,"A running back from , taken in Round 2.0, Pick 36, with strong rushing upside.",2.0,36.0,NYJ,21.0,2024.0,0.0,0.0,2.0,20.0,20.0,40.0,0.0,0.0,0.0,0.0,0.0,512.0,2333.0,14.0,152.0,1292.0,8.0,1.0,,,Iowa St.,College Stats,HallBr03,halbre001
Kenneth Walker Iii,RB,2022,"A running back from , taken in Round 2.0, Pick 41, with strong rushing upside.",2.0,41.0,SEA,21.0,2024.0,0.0,0.0,3.0,20.0,20.0,41.0,0.0,0.0,0.0,0.0,0.0,600.0,2528.0,24.0,102.0,723.0,2.0,1.0,,,Michigan St.,College Stats,WalkKe00,iiiken002
Wan'Dale Robinson,WR,2022,"A wide receiver from , drafted in Round 2.0, Pick 43, known for receiving potential.",2.0,43.0,NYG,21.0,2024.0,0.0,0.0,0.0,11.0,11.0,38.0,0.0,0.0,0.0,0.0,0.0,14.0,104.0,1.0,176.0,1451.0,5.0,,,,Kentucky,College Stats,RobiWa01,robwan001
John Metchie,WR,2022,"A wide receiver from , drafted in Round 2.0, Pick 44, known for receiving potential.",2.0,44.0,HOU,22.0,2024.0,0.0,0.0,0.0,3.0,3.0,29.0,0.0,0.0,0.0,0.0,0.0,1.0,4.0,0.0,40.0,412.0,1.0,1.0,,,Alabama,College Stats,MetcJo00,metjoh001
Tyquan Thornton,WR,2022,"A wide receiver from , drafted in Round 2.0, Pick 50, known for receiving potential.",2.0,50.0,NWE,21.0,2024.0,0.0,0.0,1.0,3.0,3.0,28.0,0.0,0.0,0.0,0.0,0.0,6.0,67.0,1.0,39.0,385.0,2.0,2.0,,,Baylor,College Stats,ThorTy00,thotyq001
George Pickens,WR,2022,"A wide receiver from , drafted in Round 2.0, Pick 52, known for receiving potential.",2.0,52.0,PIT,21.0,2024.0,0.0,0.0,3.0,24.0,24.0,48.0,0.0,0.0,0.0,0.0,0.0,8.0,36.0,1.0,174.0,2841.0,12.0,1.0,,,Georgia,College Stats,PickGe00,picgeo001
Alec Pierce,WR,2022,"A wide receiver from , drafted in Round 2.0, Pick 53, known for receiving potential.",2.0,53.0,IND,22.0,2024.0,0.0,0.0,3.0,15.0,15.0,49.0,0.0,0.0,0.0,0.0,0.0,0.0,0.0,0.0,110.0,1931.0,11.0,,,,Cincinnati,College Stats,PierAl00,pieale001
Skyy Moore,WR,2022,"A wide receiver from , drafted in Round 2.0, Pick 54, known for receiving potential.",2.0,54.0,KAN,21.0,2024.0,0.0,0.0,0.0,4.0,4.0,36.0,0.0,0.0,0.0,0.0,0.0,6.0,47.0,0.0,43.0,494.0,1.0,1.0,,,Western Michigan,College Stats,MoorSk01,moosky001
Trey Mcbride,TE,2022,"A tight end out of , picked in Round 2.0, Pick 55, with solid athletic traits.",2.0,55.0,ARI,22.0,2024.0,0.0,1.0,3.0,20.0,20.0,49.0,0.0,0.0,0.0,0.0,0.0,1.0,2.0,1.0,221.0,2236.0,6.0,7.0,,,Colorado St.,College Stats,McBrTr01,mcbtre002
James Cook,RB,2022,"A running back from , taken in Round 2.0, Pick 63, with strong rushing upside.",2.0,63.0,BUF,22.0,2024.0,0.0,2.0,2.0,28.0,28.0,49.0,0.0,0.0,0.0,0.0,0.0,533.0,2638.0,20.0,97.0,883.0,7.0,1.0,,,Georgia,College Stats,CookJa01,coojam001
Velus Jones Jr.,WR,2022,"A wide receiver from , drafted in Round 3.0, Pick 71, known for receiving potential.",3.0,71.0,CHI,25.0,2024.0,0.0,0.0,0.0,3.0,3.0,29.0,0.0,0.0,0.0,0.0,0.0,20.0,165.0,1.0,12.0,135.0,1.0,1.0,,,Tennessee,College Stats,JoneVe00,jrrvel001
Jelani Woods,TE,2022,"A tight end out of , picked in Round 3.0, Pick 73, with solid athletic traits.",3.0,73.0,IND,23.0,2022.0,0.0,0.0,0.0,2.0,2.0,15.0,0.0,0.0,0.0,0.0,0.0,0.0,0.0,0.0,25.0,312.0,3.0,1.0,,,Virginia,College Stats,WoodJe01,woojel001
Desmond Ridder,QB,2022,"A quarterback from , selected in Round 3.0, Pick 74, with notable passing experience.",3.0,74.0,ATL,23.0,2024.0,0.0,0.0,1.0,13.0,12.0,25.0,374.0,588.0,4002.0,16.0,14.0,78.0,293.0,5.0,1.0,-6.0,0.0,,,,Cincinnati,College Stats,RiddDe00,riddes001
Greg Dulcich,TE,2022,"A tight end out of , picked in Round 3.0, Pick 80, with solid athletic traits.",3.0,80.0,DEN,22.0,2024.0,0.0,0.0,0.0,3.0,3.0,21.0,0.0,0.0,0.0,0.0,0.0,0.0,0.0,0.0,41.0,464.0,2.0,,,,UCLA,College Stats,DulcGr00,dulgre001
Malik Willis,QB,2022,"A quarterback from , selected in Round 3.0, Pick 86, with notable passing experience.",3.0,86.0,TEN,23.0,2024.0,0.0,0.0,0.0,4.0,1.0,18.0,75.0,120.0,900.0,3.0,3.0,52.0,282.0,2.0,0.0,0.0,0.0,1.0,,,Liberty,College Stats,WillMa12,wilmal001
Jalen Tolbert,WR,2022,"A wide receiver from , drafted in Round 3.0, Pick 88, known for receiving potential.",3.0,88.0,DAL,23.0,2024.0,0.0,0.0,1.0,7.0,7.0,42.0,0.0,0.0,0.0,0.0,0.0,0.0,0.0,0.0,73.0,890.0,9.0,4.0,,,South Alabama,College Stats,TolbJa00,toljal001
Rachaad White,RB,2022,"A running back from , taken in Round 3.0, Pick 91, with strong rushing upside.",3.0,91.0,TAM,23.0,2024.0,0.0,0.0,2.0,21.0,21.0,50.0,0.0,0.0,0.0,0.0,0.0,545.0,2084.0,10.0,165.0,1232.0,11.0,4.0,,,Arizona St.,College Stats,WhitRa01,whirac001
Tyrion Davis-Price,RB,2022,"A running back from , taken in Round 3.0, Pick 93, with strong rushing upside.",3.0,93.0,SFO,21.0,2024.0,0.0,0.0,0.0,1.0,1.0,8.0,0.0,0.0,0.0,0.0,0.0,43.0,127.0,0.0,0.0,0.0,0.0,,,,LSU,College Stats,DaviTy03,davtyr001
Matt Corral,QB,2022,"A quarterback from , selected in Round 3.0, Pick 94, with notable passing experience.",3.0,94.0,CAR,23.0,,0.0,0.0,0.0,,,,,,,,,,,,,,,,,,Mississippi,College Stats,CorrMa00,cormat001
Brian Robinson Jr.,RB,2022,"A running back from , taken in Round 3.0, Pick 98, with strong rushing upside.",3.0,98.0,WAS,23.0,2024.0,0.0,0.0,3.0,16.0,16.0,41.0,0.0,0.0,0.0,0.0,0.0,570.0,2329.0,15.0,65.0,587.0,5.0,1.0,,,Alabama,College Stats,RobiBr01,jrrbri001
David Bell,WR,2022,"A wide receiver from , drafted in Round 3.0, Pick 99, known for receiving potential.",3.0,99.0,CLE,21.0,2024.0,0.0,0.0,0.0,3.0,3.0,32.0,0.0,0.0,0.0,0.0,0.0,0.0,0.0,0.0,41.0,408.0,3.0,1.0,,,Purdue,College Stats,BellDa02,beldav001
Jeremy Ruckert,TE,2022,"A tight end out of , picked in Round 3.0, Pick 101, with solid athletic traits.",3.0,101.0,NYJ,22.0,2024.0,0.0,0.0,1.0,2.0,2.0,41.0,0.0,0.0,0.0,0.0,0.0,0.0,0.0,0.0,35.0,264.0,0.0,3.0,,,Ohio St.,College Stats,RuckJe00,rucjer001
Danny Gray,WR,2022,"A wide receiver from , drafted in Round 3.0, Pick 105, known for receiving potential.",3.0,105.0,SFO,23.0,2022.0,0.0,0.0,0.0,0.0,0.0,13.0,0.0,0.0,0.0,0.0,0.0,1.0,9.0,0.0,1.0,10.0,0.0,,,,SMU,College Stats,GrayDa02,gradan001
Cade Otton,TE,2022,"A tight end out of , picked in Round 4.0, Pick 106, with solid athletic traits.",4.0,106.0,TAM,23.0,2024.0,0.0,0.0,3.0,13.0,13.0,47.0,0.0,0.0,0.0,0.0,0.0,1.0,-4.0,0.0,148.0,1446.0,10.0,5.0,,,Washington,College Stats,OttoCa00,ottcad001
Dameon Pierce,RB,2022,"A running back from , taken in Round 4.0, Pick 107, with strong rushing upside.",4.0,107.0,HOU,22.0,2024.0,0.0,0.0,1.0,12.0,12.0,38.0,0.0,0.0,0.0,0.0,0.0,405.0,1648.0,8.0,45.0,268.0,1.0,1.0,,,Florida,College Stats,PierDa01,piedam001
Daniel Bellinger,TE,2022,"A tight end out of , picked in Round 4.0, Pick 112, with solid athletic traits.",4.0,112.0,NYG,21.0,2024.0,0.0,0.0,2.0,6.0,6.0,46.0,0.0,0.0,0.0,0.0,0.0,1.0,2.0,1.0,69.0,648.0,2.0,2.0,,,San Diego St.,College Stats,BellDa00,beldan001
Zamir White,RB,2022,"A running back from , taken in Round 4.0, Pick 122, with strong rushing upside.",4.0,122.0,LVR,22.0,2024.0,0.0,0.0,0.0,5.0,5.0,39.0,0.0,0.0,0.0,0.0,0.0,186.0,704.0,2.0,21.0,128.0,0.0,1.0,,,Georgia,College Stats,WhitZa01,whizam001
Isaiah Spiller,RB,2022,"A running back from , taken in Round 4.0, Pick 123, with strong rushing upside.",4.0,123.0,LAC,21.0,2023.0,0.0,0.0,0.0,1.0,1.0,15.0,0.0,0.0,0.0,0.0,0.0,55.0,137.0,0.0,9.0,47.0,0.0,,,,Texas A&M,College Stats,SpilIs00,spiisa001
Erik Ezukanma,WR,2022,"A wide receiver from , drafted in Round 4.0, Pick 125, known for receiving potential.",4.0,125.0,MIA,22.0,2024.0,0.0,0.0,0.0,0.0,0.0,5.0,0.0,0.0,0.0,0.0,0.0,5.0,22.0,0.0,1.0,3.0,0.0,,,,Texas Tech,College Stats,EzukEr00,ezueri001
Pierre Strong,RB,2022,"A running back from , taken in Round 4.0, Pick 127, with strong rushing upside.",4.0,127.0,NWE,23.0,2024.0,0.0,0.0,0.0,4.0,1.0,46.0,0.0,0.0,0.0,0.0,0.0,99.0,499.0,2.0,26.0,193.0,0.0,14.0,,,South Dakota St.,,StroPi00,strpie001
Charlie Kolar,TE,2022,"A tight end out of , picked in Round 4.0, Pick 128, with solid athletic traits.",4.0,128.0,BAL,23.0,2024.0,0.0,0.0,0.0,2.0,2.0,30.0,0.0,0.0,0.0,0.0,0.0,1.0,2.0,0.0,20.0,267.0,2.0,5.0,,,Iowa St.,College Stats,KolaCh00,kolcha001
Jake Ferguson,TE,2022,"A tight end out of , picked in Round 4.0, Pick 129, with solid athletic traits.",4.0,129.0,DAL,23.0,2024.0,0.0,1.0,2.0,15.0,15.0,47.0,0.0,0.0,0.0,0.0,0.0,0.0,0.0,0.0,149.0,1429.0,7.0,1.0,,,Wisconsin,College Stats,FergJa00,ferjak001
Hassan Haskins,RB,2022,"A running back from , taken in Round 4.0, Pick 131, with strong rushing upside.",4.0,131.0,TEN,22.0,2024.0,0.0,0.0,0.0,2.0,1.0,32.0,0.0,0.0,0.0,0.0,0.0,59.0,182.0,2.0,14.0,106.0,1.0,11.0,,,Michigan,College Stats,HaskHa00,hashas001
Romeo Doubs,WR,2022,"A wide receiver from , drafted in Round 4.0, Pick 132, known for receiving potential.",4.0,132.0,GNB,22.0,2024.0,0.0,0.0,2.0,16.0,16.0,43.0,0.0,0.0,0.0,0.0,0.0,1.0,11.0,0.0,147.0,1700.0,15.0,,,,Nevada,College Stats,DoubRo00,dourom001
Bailey Zappe,QB,2022,"A quarterback from , selected in Round 4.0, Pick 137, with notable passing experience.",4.0,137.0,NWE,23.0,2024.0,0.0,0.0,0.0,2.0,2.0,15.0,208.0,335.0,2223.0,12.0,14.0,29.0,85.0,1.0,1.0,-6.0,0.0,,,,Western Kentucky,College Stats,ZappBa00,zapbai001
Calvin Austin Iii,WR,2022,"A wide receiver from , drafted in Round 4.0, Pick 138, known for receiving potential.",4.0,138.0,PIT,23.0,2024.0,0.0,0.0,0.0,8.0,8.0,34.0,0.0,0.0,0.0,0.0,0.0,11.0,57.0,1.0,53.0,728.0,5.0,,,,Memphis,College Stats,AustCa00,iiical002
Isaiah Likely,TE,2022,"A tight end out of , picked in Round 4.0, Pick 139, with solid athletic traits.",4.0,139.0,BAL,22.0,2024.0,0.0,0.0,1.0,12.0,12.0,49.0,0.0,0.0,0.0,0.0,0.0,0.0,0.0,0.0,108.0,1261.0,14.0,4.0,,,Coastal Carolina,College Stats,LikeIs00,likisa001
Chigoziem Okonkwo,TE,2022,"A tight end out of , picked in Round 4.0, Pick 143, with solid athletic traits.",4.0,143.0,TEN,22.0,2024.0,0.0,0.0,1.0,12.0,12.0,51.0,0.0,0.0,0.0,0.0,0.0,6.0,25.0,0.0,138.0,1457.0,6.0,8.0,,,Maryland,College Stats,OkonCh00,okochi001
Sam Howell,QB,2022,"A quarterback from , selected in Round 5.0, Pick 144, with notable passing experience.",5.0,144.0,WAS,21.0,2024.0,0.0,0.0,1.0,12.0,12.0,20.0,404.0,645.0,4139.0,22.0,23.0,54.0,300.0,6.0,1.0,4.0,0.0,,,,North Carolina,College Stats,HoweSa00,howsam001
Khalil Shakir,WR,2022,"A wide receiver from , drafted in Round 5.0, Pick 148, known for receiving potential.",5.0,148.0,BUF,22.0,2024.0,0.0,0.0,2.0,18.0,18.0,46.0,0.0,0.0,0.0,0.0,0.0,3.0,14.0,0.0,125.0,1593.0,7.0,1.0,,,Boise St.,College Stats,ShakKh00,shakha001
Cole Turner,TE,2022,"A tight end out of , picked in Round 5.0, Pick 149, with solid athletic traits.",5.0,149.0,WAS,22.0,2023.0,0.0,0.0,0.0,1.0,1.0,22.0,0.0,0.0,0.0,0.0,0.0,0.0,0.0,0.0,13.0,143.0,0.0,1.0,,,Nevada,College Stats,TurnCo00,turcol001
Tyler Allgeier,RB,2022,"A running back from , taken in Round 5.0, Pick 151, with strong rushing upside.",5.0,151.0,ATL,22.0,2024.0,0.0,0.0,0.0,16.0,16.0,50.0,0.0,0.0,0.0,0.0,0.0,533.0,2362.0,10.0,47.0,420.0,2.0,4.0,,,BYU,College Stats,AllgTy00,alltyl001
Snoop Conner,RB,2022,"A running back from , taken in Round 5.0, Pick 154, with strong rushing upside.",5.0,154.0,JAX,22.0,2022.0,0.0,0.0,0.0,0.0,0.0,8.0,0.0,0.0,0.0,0.0,0.0,12.0,42.0,1.0,0.0,0.0,0.0,1.0,,,Mississippi,College Stats,ConnSn00,consno001
Jerome Ford,RB,2022,"A running back from , taken in Round 5.0, Pick 156, with strong rushing upside.",5.0,156.0,CLE,22.0,2024.0,0.0,0.0,1.0,10.0,10.0,44.0,0.0,0.0,0.0,0.0,0.0,316.0,1390.0,7.0,81.0,544.0,5.0,1.0,,,Cincinnati,College Stats,FordJe00,forjer001
Montrell Washington,WR,2022,"A wide receiver from , drafted in Round 5.0, Pick 162, known for receiving potential.",5.0,162.0,DEN,23.0,2024.0,0.0,0.0,0.0,0.0,0.0,22.0,0.0,0.0,0.0,0.0,0.0,5.0,30.0,0.0,4.0,2.0,0.0,,,,Samford,,WashMo00,wasmon001
Kyle Philips,WR,2022,"A wide receiver from , drafted in Round 5.0, Pick 163, known for receiving potential.",5.0,163.0,TEN,23.0,2023.0,0.0,0.0,0.0,3.0,3.0,13.0,0.0,0.0,0.0,0.0,0.0,0.0,0.0,0.0,23.0,259.0,0.0,,,,UCLA,College Stats,PhilKy01,phikyl001
Kyren Williams,RB,2022,"A running back from , taken in Round 5.0, Pick 164, with strong rushing upside.",5.0,164.0,LAR,22.0,2024.0,0.0,1.0,2.0,20.0,20.0,38.0,0.0,0.0,0.0,0.0,0.0,579.0,2582.0,26.0,75.0,464.0,5.0,2.0,,,Notre Dame,College Stats,WillKy02,wilkyr001
Ty Chandler,RB,2022,"A running back from , taken in Round 5.0, Pick 169, with strong rushing upside.",5.0,169.0,MIN,24.0,2024.0,0.0,0.0,0.0,6.0,6.0,37.0,0.0,0.0,0.0,0.0,0.0,164.0,663.0,3.0,27.0,201.0,0.0,3.0,,,North Carolina,College Stats,ChanTy01,chatyy001
Teagan Quitoriano,TE,2022,"A tight end out of , picked in Round 5.0, Pick 170, with solid athletic traits.",5.0,170.0,HOU,22.0,2024.0,0.0,0.0,0.0,1.0,1.0,23.0,0.0,0.0,0.0,0.0,0.0,0.0,0.0,0.0,9.0,146.0,2.0,2.0,,,Oregon St.,College Stats,QuitTe00,quitea001
James Mitchell,TE,2022,"A tight end out of , picked in Round 5.0, Pick 177, with solid athletic traits.",5.0,177.0,DET,23.0,2024.0,0.0,0.0,0.0,1.0,1.0,30.0,0.0,0.0,0.0,0.0,0.0,0.0,0.0,0.0,13.0,141.0,1.0,,,,Virginia Tech,College Stats,MitcJa00,mitjam001
Kevin Harris,RB,2022,"A running back from , taken in Round 6.0, Pick 183, with strong rushing upside.",6.0,183.0,NWE,21.0,2023.0,0.0,0.0,0.0,1.0,1.0,9.0,0.0,0.0,0.0,0.0,0.0,34.0,117.0,2.0,3.0,58.0,0.0,,,,South Carolina,College Stats,HarrKe01,harkev001
Jalen Nailor,WR,2022,"A wide receiver from , drafted in Round 6.0, Pick 191, known for receiving potential.",6.0,191.0,MIN,23.0,2024.0,0.0,0.0,0.0,5.0,5.0,38.0,0.0,0.0,0.0,0.0,0.0,3.0,-4.0,0.0,40.0,622.0,7.0,4.0,,,Michigan St.,College Stats,NailJa00,naijal001
Andrew Ogletree,TE,2022,"A tight end out of , picked in Round 6.0, Pick 192, with solid athletic traits.",6.0,192.0,IND,24.0,2024.0,0.0,0.0,1.0,2.0,2.0,29.0,0.0,0.0,0.0,0.0,0.0,0.0,0.0,0.0,18.0,256.0,3.0,4.0,,,Youngstown St.,,OgleAn00,ogland001
Tyler Badie,RB,2022,"A running back from , taken in Round 6.0, Pick 196, with strong rushing upside.",6.0,196.0,BAL,22.0,2024.0,0.0,0.0,0.0,1.0,,4.0,0.0,0.0,0.0,0.0,0.0,12.0,86.0,0.0,4.0,22.0,1.0,,,,Missouri,College Stats,BadiTy00,badtyl001
Grant Calcaterra,TE,2022,"A tight end out of , picked in Round 6.0, Pick 198, with solid athletic traits.",6.0,198.0,PHI,23.0,2024.0,0.0,0.0,1.0,4.0,4.0,47.0,0.0,0.0,0.0,0.0,0.0,0.0,0.0,0.0,33.0,418.0,1.0,,,,SMU,College Stats,CalcGr00,calgra001
Keaontay Ingram,RB,2022,"A running back from , taken in Round 6.0, Pick 201, with strong rushing upside.",6.0,201.0,ARI,22.0,2024.0,0.0,0.0,0.0,2.0,2.0,21.0,0.0,0.0,0.0,0.0,0.0,62.0,134.0,1.0,8.0,47.0,0.0,1.0,,,USC,College Stats,IngrKe01,ingkea001
Michael Woods Ii,WR,2022,"A wide receiver from , drafted in Round 6.0, Pick 202, known for receiving potential.",6.0,202.0,CLE,22.0,2024.0,0.0,0.0,0.0,0.0,0.0,15.0,0.0,0.0,0.0,0.0,0.0,1.0,-5.0,0.0,12.0,110.0,0.0,1.0,,,Oklahoma,College Stats,WoodMi00,iiimic002
Trestan Ebner,RB,2022,"A running back from , taken in Round 6.0, Pick 203, with strong rushing upside.",6.0,203.0,CHI,23.0,2022.0,0.0,0.0,0.0,0.0,0.0,17.0,0.0,0.0,0.0,0.0,0.0,24.0,54.0,0.0,2.0,8.0,0.0,3.0,,,Baylor,College Stats,EbneTr00,ebntre001
Connor Heyward,TE,2022,"A tight end out of , picked in Round 6.0, Pick 208, with solid athletic traits.",6.0,208.0,PIT,23.0,2024.0,0.0,0.0,0.0,2.0,2.0,51.0,0.0,1.0,0.0,0.0,0.0,3.0,27.0,0.0,41.0,358.0,2.0,10.0,,,Michigan St.,College Stats,HeywCo00,heycon001
John Fitzpatrick,TE,2022,"A tight end out of , picked in Round 6.0, Pick 213, with solid athletic traits.",6.0,213.0,ATL,22.0,2024.0,0.0,0.0,0.0,0.0,0.0,18.0,0.0,0.0,0.0,0.0,0.0,0.0,0.0,0.0,2.0,14.0,0.0,3.0,,,Georgia,College Stats,FitzJo00,fitjoh002
Ko Kieft,TE,2022,"A tight end out of , picked in Round 6.0, Pick 218, with solid athletic traits.",6.0,218.0,TAM,24.0,2024.0,0.0,0.0,1.0,1.0,1.0,50.0,0.0,0.0,0.0,0.0,0.0,0.0,0.0,0.0,8.0,82.0,2.0,14.0,,,Minnesota,College Stats,KiefKo00,kiekoo001
Nick Muse,TE,2022,"A tight end out of , picked in Round 7.0, Pick 227, with solid athletic traits.",7.0,227.0,MIN,23.0,2024.0,0.0,0.0,0.0,0.0,0.0,16.0,0.0,0.0,0.0,0.0,0.0,0.0,0.0,0.0,1.0,22.0,0.0,,,,South Carolina,College Stats,MuseNi00,musnic001
Bo Melton,WR,2022,"A wide receiver from , drafted in Round 7.0, Pick 229, known for receiving potential.",7.0,229.0,SEA,23.0,2024.0,0.0,0.0,0.0,3.0,,22.0,0.0,0.0,0.0,0.0,0.0,11.0,75.0,0.0,24.0,309.0,1.0,2.0,,,Rutgers,College Stats,MeltBo00,melboo001
Dareke Young,WR,2022,"A wide receiver from , drafted in Round 7.0, Pick 233, known for receiving potential.",7.0,233.0,SEA,23.0,2024.0,0.0,0.0,0.0,0.0,0.0,33.0,0.0,0.0,0.0,0.0,0.0,0.0,0.0,0.0,2.0,24.0,0.0,12.0,,,Lenoir-Rhyne,,YounDa02,youdar001
Chris Oladokun,QB,2022,"A quarterback from , selected in Round 7.0, Pick 241, with notable passing experience.",7.0,241.0,PIT,25.0,2024.0,0.0,0.0,0.0,0.0,,1.0,0.0,0.0,0.0,0.0,0.0,1.0,5.0,0.0,0.0,0.0,0.0,,,,South Dakota St.,,OladCh00,olachr002
Skylar Thompson,QB,2022,"A quarterback from , selected in Round 7.0, Pick 247, with notable passing experience.",7.0,247.0,MIA,25.0,2024.0,0.0,0.0,0.0,3.0,3.0,10.0,81.0,138.0,721.0,1.0,3.0,15.0,25.0,0.0,0.0,0.0,0.0,,,,Kansas St.,College Stats,ThomSk00,thosky001
Brittain Brown,RB,2022,"A running back from , taken in Round 7.0, Pick 250, with strong rushing upside.",7.0,250.0,LVR,24.0,2022.0,0.0,0.0,0.0,0.0,0.0,6.0,0.0,0.0,0.0,0.0,0.0,0.0,0.0,0.0,0.0,0.0,0.0,,,,UCLA,College Stats,BrowBr06,brobri001
Isiah Pacheco,RB,2022,"A running back from , taken in Round 7.0, Pick 251, with strong rushing upside.",7.0,251.0,KAN,23.0,2024.0,0.0,0.0,2.0,17.0,17.0,38.0,0.0,0.0,0.0,0.0,0.0,458.0,2075.0,13.0,69.0,453.0,2.0,2.0,,,Rutgers,College Stats,PachIs00,pacisi001
Samori Toure,WR,2022,"A wide receiver from , drafted in Round 7.0, Pick 258, known for receiving potential.",7.0,258.0,GNB,24.0,2023.0,0.0,0.0,0.0,2.0,2.0,22.0,0.0,0.0,0.0,0.0,0.0,0.0,0.0,0.0,13.0,160.0,1.0,,,,Nebraska,College Stats,TourSa00,tousam001
Zander Horvath,RB,2022,"A running back from , taken in Round 7.0, Pick 260, with strong rushing upside.",7.0,260.0,LAC,23.0,2022.0,0.0,0.0,0.0,0.0,0.0,15.0,0.0,0.0,0.0,0.0,0.0,4.0,8.0,0.0,5.0,8.0,2.0,1.0,,,Purdue,College Stats,HorvZa00,horzan001
Brock Purdy,QB,2022,"A quarterback from , selected in Round 7.0, Pick 262, with notable passing experience.",7.0,262.0,SFO,22.0,2024.0,0.0,1.0,2.0,36.0,36.0,40.0,722.0,1069.0,9518.0,64.0,27.0,127.0,480.0,8.0,0.0,0.0,0.0,,,,Iowa St.,College Stats,PurdBr00,purbro001
Bryce Young,QB,2023,"A quarterback from , selected in Round 1.0, Pick 1, with notable passing experience.",1.0,1.0,CAR,22.0,2024.0,0.0,0.0,1.0,14.0,14.0,30.0,549.0,911.0,5280.0,26.0,19.0,82.0,502.0,6.0,0.0,0.0,0.0,,,,Alabama,College Stats,YounBr01,youbry001
C.J. Stroud,QB,2023,"A quarterback from , selected in Round 1.0, Pick 2, with notable passing experience.",1.0,2.0,HOU,21.0,2024.0,0.0,1.0,2.0,24.0,24.0,32.0,655.0,1031.0,7835.0,43.0,17.0,91.0,400.0,3.0,1.0,0.0,0.0,,,,Ohio St.,College Stats,StroCJ00,strcjj001
Anthony Richardson,QB,2023,"A quarterback from , selected in Round 1.0, Pick 4, with notable passing experience.",1.0,4.0,IND,21.0,2024.0,0.0,0.0,1.0,9.0,9.0,15.0,176.0,348.0,2391.0,11.0,13.0,111.0,635.0,10.0,1.0,-1.0,0.0,,,,Florida,College Stats,RichAn03,ricant001
Bijan Robinson,RB,2023,"A running back from , taken in Round 1.0, Pick 8, with strong rushing upside.",1.0,8.0,ATL,21.0,2024.0,0.0,1.0,2.0,21.0,21.0,34.0,0.0,0.0,0.0,0.0,0.0,518.0,2432.0,18.0,119.0,918.0,5.0,,,,Texas,College Stats,RobiBi01,robbij001
Jahmyr Gibbs,RB,2023,"A running back from , taken in Round 1.0, Pick 12, with strong rushing upside.",1.0,12.0,DET,21.0,2024.0,0.0,2.0,0.0,27.0,27.0,32.0,0.0,0.0,0.0,0.0,0.0,432.0,2357.0,26.0,104.0,833.0,5.0,,,,Alabama,College Stats,GibbJa01,gibjah001
Jaxon Smith-Njigba,WR,2023,"A wide receiver from , drafted in Round 1.0, Pick 20, known for receiving potential.",1.0,20.0,SEA,21.0,2024.0,0.0,1.0,1.0,15.0,15.0,34.0,1.0,1.0,35.0,0.0,0.0,5.0,26.0,0.0,163.0,1758.0,10.0,,,,Ohio St.,College Stats,SmitJa06,smijax001
Quentin Johnston,WR,2023,"A wide receiver from , drafted in Round 1.0, Pick 21, known for receiving potential.",1.0,21.0,LAC,22.0,2024.0,0.0,0.0,2.0,11.0,11.0,32.0,0.0,0.0,0.0,0.0,0.0,6.0,15.0,0.0,93.0,1142.0,10.0,,,,TCU,College Stats,JohnQu02,johque001
Zay Flowers,WR,2023,"A wide receiver from , drafted in Round 1.0, Pick 22, known for receiving potential.",1.0,22.0,BAL,22.0,2024.0,0.0,1.0,2.0,20.0,20.0,33.0,0.0,0.0,0.0,0.0,0.0,17.0,112.0,1.0,151.0,1917.0,9.0,,,,Boston Col.,College Stats,FlowZa00,flozay001
Jordan Addison,WR,2023,"A wide receiver from , drafted in Round 1.0, Pick 23, known for receiving potential.",1.0,23.0,MIN,21.0,2024.0,0.0,0.0,2.0,15.0,15.0,32.0,0.0,0.0,0.0,0.0,0.0,4.0,22.0,1.0,133.0,1786.0,19.0,,,,USC,College Stats,AddiJo00,addjor001
Dalton Kincaid,TE,2023,"A tight end out of , picked in Round 1.0, Pick 25, with solid athletic traits.",1.0,25.0,BUF,23.0,2024.0,0.0,0.0,2.0,12.0,12.0,29.0,0.0,0.0,0.0,0.0,0.0,0.0,0.0,0.0,117.0,1121.0,4.0,,,,Utah,College Stats,KincDa00,kindal001
Will Levis,QB,2023,"A quarterback from , selected in Round 2.0, Pick 33, with notable passing experience.",2.0,33.0,TEN,24.0,2024.0,0.0,0.0,2.0,11.0,11.0,21.0,339.0,556.0,3899.0,21.0,16.0,70.0,240.0,1.0,0.0,0.0,0.0,,,,Kentucky,College Stats,LeviWi00,levwil001
Sam Laporta,TE,2023,"A tight end out of , picked in Round 2.0, Pick 34, with solid athletic traits.",2.0,34.0,DET,22.0,2024.0,0.0,1.0,2.0,17.0,17.0,33.0,0.0,0.0,0.0,0.0,0.0,1.0,4.0,0.0,146.0,1615.0,17.0,,,,Iowa,College Stats,LaPoSa01,lapsam002
Michael Mayer,TE,2023,"A tight end out of , picked in Round 2.0, Pick 35, with solid athletic traits.",2.0,35.0,LVR,22.0,2024.0,0.0,0.0,1.0,4.0,4.0,25.0,0.0,0.0,0.0,0.0,0.0,0.0,0.0,0.0,48.0,460.0,2.0,,,,Notre Dame,College Stats,MayeMi00,maymic001
Jonathan Mingo,WR,2023,"A wide receiver from , drafted in Round 2.0, Pick 39, known for receiving potential.",2.0,39.0,CAR,22.0,2024.0,0.0,0.0,1.0,4.0,4.0,32.0,0.0,0.0,0.0,0.0,0.0,2.0,5.0,0.0,60.0,585.0,0.0,,,,Mississippi,College Stats,MingJo00,minjon001
Luke Musgrave,TE,2023,"A tight end out of , picked in Round 2.0, Pick 42, with solid athletic traits.",2.0,42.0,GNB,23.0,2024.0,0.0,0.0,1.0,3.0,3.0,18.0,0.0,0.0,0.0,0.0,0.0,0.0,0.0,0.0,41.0,397.0,1.0,,,,Oregon St.,College Stats,MusgLu00,musluk001
Jayden Reed,WR,2023,"A wide receiver from , drafted in Round 2.0, Pick 50, known for receiving potential.",2.0,50.0,GNB,23.0,2024.0,0.0,0.0,1.0,18.0,18.0,33.0,0.0,0.0,0.0,0.0,0.0,31.0,282.0,3.0,119.0,1650.0,14.0,,,,Michigan St.,College Stats,ReedJa03,reejay001
Zach Charbonnet,RB,2023,"A running back from , taken in Round 2.0, Pick 52, with strong rushing upside.",2.0,52.0,SEA,22.0,2024.0,0.0,0.0,0.0,11.0,11.0,33.0,0.0,0.0,0.0,0.0,0.0,243.0,1031.0,9.0,75.0,549.0,1.0,1.0,,,UCLA,College Stats,CharZa00,chazac001
Rashee Rice,WR,2023,"A wide receiver from , drafted in Round 2.0, Pick 55, known for receiving potential.",2.0,55.0,KAN,23.0,2024.0,0.0,0.0,0.0,11.0,11.0,20.0,0.0,0.0,0.0,0.0,0.0,2.0,-2.0,0.0,103.0,1226.0,9.0,,,,SMU,College Stats,RiceRa01,ricras001
Luke Schoonmaker,TE,2023,"A tight end out of , picked in Round 2.0, Pick 58, with solid athletic traits.",2.0,58.0,DAL,24.0,2024.0,0.0,0.0,0.0,3.0,3.0,34.0,0.0,0.0,0.0,0.0,0.0,0.0,0.0,0.0,35.0,306.0,3.0,5.0,,,Michigan,College Stats,SchoLu00,schluk001
Brenton Strange,TE,2023,"A tight end out of , picked in Round 2.0, Pick 61, with solid athletic traits.",2.0,61.0,JAX,22.0,2024.0,0.0,0.0,1.0,3.0,3.0,31.0,0.0,0.0,0.0,0.0,0.0,0.0,0.0,0.0,45.0,446.0,3.0,1.0,,,Penn St.,College Stats,StraBr00,strbre001
Marvin Mims,WR,2023,"A wide receiver from , drafted in Round 2.0, Pick 63, known for receiving potential.",2.0,63.0,DEN,21.0,2024.0,1.0,2.0,0.0,10.0,10.0,33.0,0.0,0.0,0.0,0.0,0.0,22.0,72.0,0.0,61.0,880.0,7.0,1.0,,,Oklahoma,College Stats,MimsMa00,mimmar001
Hendon Hooker,QB,2023,"A quarterback from , selected in Round 3.0, Pick 68, with notable passing experience.",3.0,68.0,DET,25.0,2024.0,0.0,0.0,0.0,0.0,0.0,3.0,6.0,9.0,62.0,0.0,0.0,5.0,2.0,0.0,0.0,0.0,0.0,,,,Tennessee,College Stats,HookHe00,hoohen001
Tank Dell,WR,2023,"A wide receiver from , drafted in Round 3.0, Pick 69, known for receiving potential.",3.0,69.0,HOU,23.0,2024.0,0.0,0.0,1.0,12.0,12.0,25.0,0.0,0.0,0.0,0.0,0.0,20.0,94.0,0.0,98.0,1376.0,10.0,,,,Houston,College Stats,DellNa00,deltan001
Kendre Miller,RB,2023,"A running back from , taken in Round 3.0, Pick 71, with strong rushing upside.",3.0,71.0,NOR,21.0,2024.0,0.0,0.0,0.0,3.0,3.0,14.0,0.0,0.0,0.0,0.0,0.0,80.0,304.0,2.0,15.0,150.0,0.0,,,,TCU,College Stats,MillKe01,milken001
Jalin Hyatt,WR,2023,"A wide receiver from , drafted in Round 3.0, Pick 73, known for receiving potential.",3.0,73.0,NYG,21.0,2024.0,0.0,0.0,0.0,3.0,3.0,33.0,0.0,0.0,0.0,0.0,0.0,0.0,0.0,0.0,31.0,435.0,0.0,,,,Tennessee,College Stats,HyatJa00,hyajal001
Cedric Tillman,WR,2023,"A wide receiver from , drafted in Round 3.0, Pick 74, known for receiving potential.",3.0,74.0,CLE,23.0,2024.0,0.0,0.0,0.0,4.0,4.0,25.0,0.0,0.0,0.0,0.0,0.0,2.0,3.0,0.0,50.0,563.0,3.0,,,,Tennessee,College Stats,TillCe01,tilced001
Tucker Kraft,TE,2023,"A tight end out of , picked in Round 3.0, Pick 78, with solid athletic traits.",3.0,78.0,GNB,22.0,2024.0,0.0,0.0,1.0,11.0,11.0,34.0,0.0,0.0,0.0,0.0,0.0,3.0,6.0,0.0,81.0,1062.0,9.0,2.0,,,South Dakota St.,,KrafTu00,kratuc001
Josh Downs,WR,2023,"A wide receiver from , drafted in Round 3.0, Pick 79, known for receiving potential.",3.0,79.0,IND,22.0,2024.0,0.0,0.0,1.0,14.0,14.0,31.0,0.0,0.0,0.0,0.0,0.0,1.0,12.0,0.0,140.0,1574.0,7.0,,,,North Carolina,College Stats,DownJo00,dowjos001
Tyjae Spears,RB,2023,"A running back from , taken in Round 3.0, Pick 81, with strong rushing upside.",3.0,81.0,TEN,22.0,2024.0,0.0,0.0,0.0,9.0,9.0,29.0,0.0,0.0,0.0,0.0,0.0,184.0,765.0,6.0,82.0,609.0,2.0,,,,Tulane,College Stats,SpeaTy00,spetyj001
De'Von Achane,RB,2023,"A running back from , taken in Round 3.0, Pick 84, with strong rushing upside.",3.0,84.0,MIA,21.0,2024.0,0.0,0.0,1.0,18.0,18.0,28.0,0.0,0.0,0.0,0.0,0.0,306.0,1707.0,14.0,105.0,789.0,9.0,,,,Texas A&M,College Stats,AchaDe00,achdev001
Tank Bigsby,RB,2023,"A running back from , taken in Round 3.0, Pick 88, with strong rushing upside.",3.0,88.0,JAX,22.0,2024.0,0.0,0.0,0.0,6.0,6.0,33.0,0.0,0.0,0.0,0.0,0.0,218.0,898.0,9.0,8.0,60.0,0.0,,,,Auburn,College Stats,BigsTa00,bigtan001
Darnell Washington,TE,2023,"A tight end out of , picked in Round 3.0, Pick 93, with solid athletic traits.",3.0,93.0,PIT,22.0,2024.0,0.0,0.0,1.0,3.0,3.0,34.0,0.0,0.0,0.0,0.0,0.0,0.0,0.0,0.0,26.0,261.0,1.0,,,,Georgia,College Stats,WashDa03,wasdar001
Michael Wilson,WR,2023,"A wide receiver from , drafted in Round 3.0, Pick 94, known for receiving potential.",3.0,94.0,ARI,23.0,2024.0,0.0,0.0,2.0,11.0,11.0,29.0,0.0,0.0,0.0,0.0,0.0,1.0,7.0,0.0,85.0,1113.0,7.0,,,,Stanford,College Stats,WilsMi02,wilmic001
Tre Tucker,WR,2023,"A wide receiver from , drafted in Round 3.0, Pick 100, known for receiving potential.",3.0,100.0,LVR,22.0,2024.0,0.0,0.0,1.0,7.0,7.0,33.0,0.0,0.0,0.0,0.0,0.0,19.0,121.0,1.0,66.0,870.0,5.0,2.0,,,Cincinnati,College Stats,TuckTr00,tuctre001
Cameron Latu,TE,2023,"A tight end out of , picked in Round 3.0, Pick 101, with solid athletic traits.",3.0,101.0,SFO,23.0,,0.0,0.0,0.0,,,,,,,,,,,,,,,,,,Alabama,College Stats,LatuCa01,latcam001
Roschon Johnson,RB,2023,"A running back from , taken in Round 4.0, Pick 115, with strong rushing upside.",4.0,115.0,CHI,22.0,2024.0,0.0,0.0,0.0,6.0,6.0,29.0,0.0,0.0,0.0,0.0,0.0,136.0,502.0,8.0,50.0,313.0,0.0,1.0,,,Texas,College Stats,JohnRo07,johros001
Derius Davis,WR,2023,"A wide receiver from , drafted in Round 4.0, Pick 125, known for receiving potential.",4.0,125.0,LAC,22.0,2024.0,0.0,0.0,0.0,3.0,3.0,32.0,0.0,0.0,0.0,0.0,0.0,26.0,140.0,0.0,28.0,178.0,2.0,,,,TCU,College Stats,DaviDe02,davder001
Jake Haener,QB,2023,"A quarterback from , selected in Round 4.0, Pick 127, with notable passing experience.",4.0,127.0,NOR,24.0,2024.0,0.0,0.0,0.0,1.0,1.0,8.0,18.0,39.0,226.0,1.0,1.0,11.0,22.0,0.0,0.0,0.0,0.0,,,,Fresno St.,College Stats,HaenJa00,haejak001
Stetson Bennett,QB,2023,"A quarterback from , selected in Round 4.0, Pick 128, with notable passing experience.",4.0,128.0,LAR,25.0,,0.0,0.0,0.0,,,,,,,,,,,,,,,,,,Georgia,College Stats,BennSt00,benste001
Charlie Jones,WR,2023,"A wide receiver from , drafted in Round 4.0, Pick 131, known for receiving potential.",4.0,131.0,CIN,24.0,2024.0,0.0,0.0,0.0,3.0,3.0,19.0,0.0,0.0,0.0,0.0,0.0,2.0,13.0,0.0,8.0,69.0,0.0,,,,Purdue,College Stats,JoneCh11,joncha001
Tyler Scott,WR,2023,"A wide receiver from , drafted in Round 4.0, Pick 133, known for receiving potential.",4.0,133.0,CHI,21.0,2024.0,0.0,0.0,0.0,2.0,2.0,28.0,0.0,0.0,0.0,0.0,0.0,7.0,41.0,0.0,18.0,173.0,0.0,1.0,,,Cincinnati,College Stats,ScotTy00,scotyl001
Aidan O'Connell,QB,2023,"A quarterback from , selected in Round 4.0, Pick 135, with notable passing experience.",4.0,135.0,LVR,25.0,2024.0,0.0,0.0,1.0,10.0,10.0,20.0,367.0,586.0,3830.0,20.0,11.0,38.0,41.0,2.0,0.0,0.0,0.0,,,,Purdue,College Stats,OConAi00,ocoaid001
Clayton Tune,QB,2023,"A quarterback from , selected in Round 5.0, Pick 139, with notable passing experience.",5.0,139.0,ARI,24.0,2024.0,0.0,0.0,0.0,0.0,0.0,13.0,14.0,23.0,70.0,0.0,2.0,15.0,26.0,1.0,0.0,0.0,0.0,,,,Houston,College Stats,TuneCl00,tuncla001
Dorian Thompson-Robinson,QB,2023,"A quarterback from , selected in Round 5.0, Pick 140, with notable passing experience.",5.0,140.0,CLE,23.0,2024.0,0.0,0.0,0.0,2.0,2.0,15.0,121.0,230.0,880.0,1.0,10.0,35.0,187.0,0.0,0.0,0.0,0.0,,,,UCLA,College Stats,ThomDo02,thodor001
Israel Abanikanda,RB,2023,"A running back from , taken in Round 5.0, Pick 143, with strong rushing upside.",5.0,143.0,NYJ,20.0,2023.0,0.0,0.0,0.0,1.0,1.0,6.0,0.0,0.0,0.0,0.0,0.0,22.0,70.0,0.0,7.0,43.0,0.0,,,,Pittsburgh,College Stats,AbanIs00,abaisr001
Josh Whyle,TE,2023,"A tight end out of , picked in Round 5.0, Pick 147, with solid athletic traits.",5.0,147.0,TEN,23.0,2024.0,0.0,0.0,0.0,3.0,3.0,28.0,0.0,0.0,0.0,0.0,0.0,0.0,0.0,0.0,37.0,342.0,2.0,3.0,,,Cincinnati,College Stats,WhylJo01,whyjos001
Sean Clifford,QB,2023,"A quarterback from , selected in Round 5.0, Pick 149, with notable passing experience.",5.0,149.0,GNB,25.0,2023.0,0.0,0.0,0.0,0.0,0.0,2.0,1.0,1.0,37.0,0.0,0.0,3.0,-2.0,0.0,0.0,0.0,0.0,,,,Penn St.,College Stats,ClifSe00,clisea001
Justin Shorter,WR,2023,"A wide receiver from , drafted in Round 5.0, Pick 150, known for receiving potential.",5.0,150.0,BUF,23.0,2024.0,0.0,0.0,0.0,0.0,,10.0,0.0,0.0,0.0,0.0,0.0,0.0,0.0,0.0,0.0,0.0,0.0,,,,Florida,College Stats,ShorJu00,shojus001
Dontayvion Wicks,WR,2023,"A wide receiver from , drafted in Round 5.0, Pick 159, known for receiving potential.",5.0,159.0,GNB,22.0,2024.0,0.0,0.0,0.0,10.0,10.0,32.0,1.0,1.0,14.0,0.0,0.0,1.0,1.0,0.0,78.0,996.0,9.0,,,,Virginia,College Stats,WickDo00,wicdon001
Will Mallory,TE,2023,"A tight end out of , picked in Round 5.0, Pick 162, with solid athletic traits.",5.0,162.0,IND,24.0,2024.0,0.0,0.0,0.0,2.0,2.0,22.0,0.0,0.0,0.0,0.0,0.0,0.0,0.0,0.0,22.0,236.0,0.0,,,,Miami (FL),College Stats,MallWi00,malwil001
Chase Brown,RB,2023,"A running back from , taken in Round 5.0, Pick 163, with strong rushing upside.",5.0,163.0,CIN,23.0,2024.0,0.0,0.0,0.0,13.0,13.0,28.0,0.0,0.0,0.0,0.0,0.0,273.0,1169.0,7.0,68.0,516.0,5.0,2.0,,,Illinois,College Stats,BrowCh10,brocha001
Jaren Hall,QB,2023,"A quarterback from , selected in Round 5.0, Pick 164, with notable passing experience.",5.0,164.0,MIN,25.0,2023.0,0.0,0.0,0.0,1.0,1.0,3.0,13.0,20.0,168.0,0.0,1.0,6.0,14.0,0.0,0.0,0.0,0.0,,,,BYU,College Stats,HallJa00,haljar001
Payne Durham,TE,2023,"A tight end out of , picked in Round 5.0, Pick 171, with solid athletic traits.",5.0,171.0,TAM,23.0,2024.0,0.0,0.0,0.0,2.0,2.0,29.0,0.0,0.0,0.0,0.0,0.0,0.0,0.0,0.0,16.0,173.0,2.0,,,,Purdue,College Stats,DurhPa00,durpay001
Eric Gray,RB,2023,"A running back from , taken in Round 5.0, Pick 172, with strong rushing upside.",5.0,172.0,NYG,23.0,2024.0,0.0,0.0,0.0,1.0,1.0,30.0,0.0,0.0,0.0,0.0,0.0,31.0,79.0,0.0,16.0,104.0,0.0,,,,Oklahoma,College Stats,GrayEr01,graeri001
Davis Allen,TE,2023,"A tight end out of , picked in Round 5.0, Pick 175, with solid athletic traits.",5.0,175.0,LAR,22.0,2024.0,0.0,0.0,0.0,1.0,1.0,30.0,0.0,0.0,0.0,0.0,0.0,0.0,0.0,0.0,16.0,134.0,1.0,1.0,,,Clemson,College Stats,AlleDa02,alldav001
Evan Hull,RB,2023,"A running back from , taken in Round 5.0, Pick 176, with strong rushing upside.",5.0,176.0,IND,22.0,2024.0,0.0,0.0,0.0,0.0,0.0,2.0,0.0,0.0,0.0,0.0,0.0,1.0,1.0,0.0,1.0,6.0,0.0,,,,Northwestern,College Stats,HullEv00,huleva001
Puka Nacua,WR,2023,"A wide receiver from , drafted in Round 5.0, Pick 177, known for receiving potential.",5.0,177.0,LAR,22.0,2024.0,0.0,1.0,1.0,23.0,23.0,28.0,0.0,0.0,0.0,0.0,0.0,23.0,135.0,1.0,184.0,2476.0,9.0,,,,BYU,College Stats,NacuPu00,nacpuk001
Parker Washington,WR,2023,"A wide receiver from , drafted in Round 6.0, Pick 185, known for receiving potential.",6.0,185.0,JAX,21.0,2024.0,0.0,0.0,0.0,5.0,5.0,26.0,0.0,0.0,0.0,0.0,0.0,0.0,0.0,0.0,48.0,522.0,5.0,,,,Penn St.,College Stats,WashPa01,waspar001
Kayshon Boutte,WR,2023,"A wide receiver from , drafted in Round 6.0, Pick 187, known for receiving potential.",6.0,187.0,NWE,21.0,2024.0,0.0,0.0,1.0,5.0,5.0,20.0,0.0,0.0,0.0,0.0,0.0,0.0,0.0,0.0,45.0,608.0,3.0,,,,LSU,College Stats,BoutKa00,boukay001
Tanner Mckee,QB,2023,"A quarterback from , selected in Round 6.0, Pick 188, with notable passing experience.",6.0,188.0,PHI,23.0,2024.0,0.0,0.0,0.0,1.0,1.0,2.0,30.0,45.0,323.0,4.0,0.0,5.0,-1.0,0.0,0.0,0.0,0.0,,,,Stanford,College Stats,McKeTa01,mcktan002
Trey Palmer,WR,2023,"A wide receiver from , drafted in Round 6.0, Pick 191, known for receiving potential.",6.0,191.0,TAM,22.0,2024.0,0.0,0.0,0.0,6.0,6.0,32.0,0.0,0.0,0.0,0.0,0.0,3.0,22.0,0.0,51.0,557.0,4.0,,,,Nebraska,College Stats,PalmTr00,paltre001
Chris Rodriguez,RB,2023,"A running back from , taken in Round 6.0, Pick 193, with strong rushing upside.",6.0,193.0,WAS,22.0,2024.0,0.0,0.0,0.0,3.0,3.0,22.0,0.0,0.0,0.0,0.0,0.0,86.0,420.0,4.0,3.0,24.0,0.0,2.0,,,Kentucky,College Stats,RodrCh00,rodchr001
A.T. Perry,WR,2023,"A wide receiver from , drafted in Round 6.0, Pick 195, known for receiving potential.",6.0,195.0,NOR,23.0,2023.0,0.0,0.0,0.0,2.0,2.0,10.0,0.0,0.0,0.0,0.0,0.0,0.0,0.0,0.0,12.0,246.0,4.0,,,,Wake Forest,College Stats,PerrAT00,peratt001
Elijah Higgins,WR,2023,"A wide receiver from , drafted in Round 6.0, Pick 197, known for receiving potential.",6.0,197.0,MIA,22.0,2024.0,0.0,0.0,0.0,4.0,,28.0,0.0,0.0,0.0,0.0,0.0,0.0,0.0,0.0,34.0,335.0,3.0,1.0,,,Stanford,College Stats,HiggEl00,higeli001
Xavier Hutchinson,WR,2023,"A wide receiver from , drafted in Round 6.0, Pick 205, known for receiving potential.",6.0,205.0,HOU,23.0,2024.0,0.0,0.0,0.0,2.0,2.0,32.0,0.0,0.0,0.0,0.0,0.0,5.0,49.0,0.0,20.0,207.0,0.0,3.0,,,Iowa St.,College Stats,HutcXa00,hutxav001
Andrei Iosivas,WR,2023,"A wide receiver from , drafted in Round 6.0, Pick 206, known for receiving potential.",6.0,206.0,CIN,23.0,2024.0,0.0,0.0,1.0,5.0,5.0,33.0,0.0,0.0,0.0,0.0,0.0,0.0,0.0,0.0,51.0,595.0,10.0,3.0,,,Princeton,,IosiAn00,iosand001
Demario Douglas,WR,2023,"A wide receiver from , drafted in Round 6.0, Pick 210, known for receiving potential.",6.0,210.0,NWE,22.0,2024.0,0.0,0.0,0.0,9.0,9.0,31.0,0.0,0.0,0.0,0.0,0.0,11.0,57.0,0.0,115.0,1182.0,3.0,,,,Liberty,College Stats,DougDe00,doudem002
Deuce Vaughn,RB,2023,"A running back from , taken in Round 6.0, Pick 212, with strong rushing upside.",6.0,212.0,DAL,21.0,2024.0,0.0,0.0,0.0,1.0,1.0,14.0,0.0,0.0,0.0,0.0,0.0,40.0,110.0,0.0,10.0,58.0,0.0,,,,Kansas St.,College Stats,VaugDe00,vaudeu001
Zach Evans,RB,2023,"A running back from , taken in Round 6.0, Pick 215, with strong rushing upside.",6.0,215.0,LAR,22.0,2023.0,0.0,0.0,0.0,0.0,0.0,10.0,0.0,0.0,0.0,0.0,0.0,9.0,19.0,0.0,0.0,0.0,0.0,,,,Mississippi,College Stats,EvanZa00,evazac001
Antoine Green,WR,2023,"A wide receiver from , drafted in Round 7.0, Pick 219, known for receiving potential.",7.0,219.0,DET,23.0,2023.0,0.0,0.0,0.0,0.0,0.0,9.0,0.0,0.0,0.0,0.0,0.0,0.0,0.0,0.0,1.0,2.0,0.0,,,,North Carolina,College Stats,GreeAn00,greant001
Zack Kuntz,TE,2023,"A tight end out of , picked in Round 7.0, Pick 220, with solid athletic traits.",7.0,220.0,NYJ,24.0,2024.0,0.0,0.0,0.0,0.0,0.0,2.0,0.0,0.0,0.0,0.0,0.0,0.0,0.0,0.0,0.0,0.0,0.0,,,,Old Dominion,College Stats,KuntZa00,kunzac001
Dewayne Mcbride,RB,2023,"A running back from , taken in Round 7.0, Pick 222, with strong rushing upside.",7.0,222.0,MIN,22.0,,0.0,0.0,0.0,,,,,,,,,,,,,,,,,,Ala-Birmingham,College Stats,McBrDe00,mcbdew001
Colton Dowell,WR,2023,"A wide receiver from , drafted in Round 7.0, Pick 228, known for receiving potential.",7.0,228.0,TEN,24.0,2023.0,0.0,0.0,0.0,0.0,0.0,10.0,0.0,0.0,0.0,0.0,0.0,0.0,0.0,0.0,1.0,3.0,0.0,2.0,,,UT Martin,,DoweCo00,dowcol001
Lew Nichols,RB,2023,"A running back from , taken in Round 7.0, Pick 235, with strong rushing upside.",7.0,235.0,GNB,22.0,,0.0,0.0,0.0,,,,,,,,,,,,,,,,,,Central Michigan,College Stats,NichLe00,niclew001
Kenny Mcintosh,RB,2023,"A running back from , taken in Round 7.0, Pick 237, with strong rushing upside.",7.0,237.0,SEA,23.0,2024.0,0.0,0.0,0.0,1.0,1.0,20.0,0.0,0.0,0.0,0.0,0.0,31.0,172.0,0.0,3.0,22.0,0.0,2.0,,,Georgia,College Stats,McInKe00,mciken002
Max Duggan,QB,2023,"A quarterback from , selected in Round 7.0, Pick 239, with notable passing experience.",7.0,239.0,LAC,22.0,,0.0,0.0,0.0,,,,,,,,,,,,,,,,,,TCU,College Stats,DuggMa00,dugmax001
Jalen Brooks,WR,2023,"A wide receiver from , drafted in Round 7.0, Pick 244, known for receiving potential.",7.0,244.0,DAL,23.0,2024.0,0.0,0.0,0.0,2.0,2.0,21.0,0.0,0.0,0.0,0.0,0.0,0.0,0.0,0.0,18.0,241.0,1.0,3.0,,,South Carolina,College Stats,BrooJa03,brojal001
Brayden Willis,TE,2023,"A tight end out of , picked in Round 7.0, Pick 247, with solid athletic traits.",7.0,247.0,SFO,23.0,2024.0,0.0,0.0,0.0,0.0,0.0,17.0,0.0,0.0,0.0,0.0,0.0,0.0,0.0,0.0,0.0,0.0,0.0,2.0,,,Oklahoma,College Stats,WillBr06,wilbra001
Ronnie Bell,WR,2023,"A wide receiver from , drafted in Round 7.0, Pick 253, known for receiving potential.",7.0,253.0,SFO,23.0,2024.0,0.0,0.0,0.0,1.0,1.0,26.0,0.0,0.0,0.0,0.0,0.0,0.0,0.0,0.0,8.0,90.0,3.0,2.0,,,Michigan,College Stats,BellRo01,belron001
Grant Dubose,WR,2023,"A wide receiver from , drafted in Round 7.0, Pick 256, known for receiving potential.",7.0,256.0,GNB,22.0,2024.0,0.0,0.0,0.0,0.0,,3.0,0.0,0.0,0.0,0.0,0.0,0.0,0.0,0.0,2.0,11.0,0.0,,,,Charlotte,College Stats,DuboGr00,dubgra001
Caleb Williams,QB,2024,"A quarterback from , selected in Round 1.0, Pick 1, with notable passing experience.",1.0,1.0,CHI,22.0,2024.0,0.0,0.0,1.0,12.0,12.0,17.0,351.0,562.0,3541.0,20.0,6.0,81.0,489.0,0.0,0.0,0.0,0.0,,,,USC,College Stats,WillCa03,wilcal001
Jayden Daniels,QB,2024,"A quarterback from , selected in Round 1.0, Pick 2, with notable passing experience.",1.0,2.0,WAS,23.0,2024.0,0.0,1.0,1.0,20.0,20.0,17.0,331.0,480.0,3568.0,25.0,9.0,148.0,891.0,6.0,0.0,0.0,0.0,,,,LSU,College Stats,DaniJa02,danjay001
Drake Maye,QB,2024,"A quarterback from , selected in Round 1.0, Pick 3, with notable passing experience.",1.0,3.0,NWE,22.0,2024.0,0.0,1.0,1.0,8.0,8.0,13.0,225.0,338.0,2276.0,15.0,10.0,54.0,421.0,2.0,0.0,0.0,0.0,,,,North Carolina,College Stats,MayeDr00,maydra001
Marvin Harrison Jr.,WR,2024,"A wide receiver from , drafted in Round 1.0, Pick 4, known for receiving potential.",1.0,4.0,ARI,22.0,2024.0,0.0,0.0,1.0,8.0,8.0,17.0,0.0,0.0,0.0,0.0,0.0,0.0,0.0,0.0,62.0,885.0,8.0,,,,Ohio St.,College Stats,HarrMa09,jrrmar001
Malik Nabers,WR,2024,"A wide receiver from , drafted in Round 1.0, Pick 6, known for receiving potential.",1.0,6.0,NYG,21.0,2024.0,0.0,1.0,1.0,9.0,9.0,15.0,0.0,1.0,0.0,0.0,0.0,5.0,2.0,0.0,109.0,1204.0,7.0,,,,LSU,College Stats,NabeMa00,nabmal001
Michael Penix,QB,2024,"A quarterback from , selected in Round 1.0, Pick 8, with notable passing experience.",1.0,8.0,ATL,24.0,2024.0,0.0,0.0,0.0,2.0,2.0,5.0,61.0,105.0,775.0,3.0,3.0,7.0,11.0,1.0,0.0,0.0,0.0,,,,Washington,College Stats,PeniMi00,penmic001
Rome Odunze,WR,2024,"A wide receiver from , drafted in Round 1.0, Pick 9, known for receiving potential.",1.0,9.0,CHI,22.0,2024.0,0.0,0.0,1.0,6.0,6.0,17.0,0.0,0.0,0.0,0.0,0.0,3.0,15.0,0.0,54.0,734.0,3.0,,,,Washington,College Stats,OdunRo00,odurom001
J.J. Mccarthy,QB,2024,"A quarterback from , selected in Round 1.0, Pick 10, with notable passing experience.",1.0,10.0,MIN,21.0,,0.0,0.0,0.0,,,,,,,,,,,,,,,,,,Michigan,College Stats,McCaJJ00,mccjjj001
Bo Nix,QB,2024,"A quarterback from , selected in Round 1.0, Pick 12, with notable passing experience.",1.0,12.0,DEN,24.0,2024.0,0.0,0.0,1.0,13.0,13.0,17.0,376.0,567.0,3775.0,29.0,12.0,92.0,430.0,4.0,1.0,2.0,1.0,,,,Oregon,College Stats,NixxBo00,nixboo001
Brock Bowers,TE,2024,"A tight end out of , picked in Round 1.0, Pick 13, with solid athletic traits.",1.0,13.0,LVR,21.0,2024.0,1.0,1.0,1.0,9.0,9.0,17.0,0.0,0.0,0.0,0.0,0.0,5.0,13.0,0.0,112.0,1194.0,5.0,,,,Georgia,College Stats,BoweBr01,bowbro001
Brian Thomas,WR,2024,"A wide receiver from , drafted in Round 1.0, Pick 23, known for receiving potential.",1.0,23.0,JAX,21.0,2024.0,0.0,1.0,1.0,11.0,11.0,17.0,0.0,0.0,0.0,0.0,0.0,6.0,48.0,0.0,87.0,1282.0,10.0,,,,LSU,College Stats,ThomBr06,thobri001
Xavier Worthy,WR,2024,"A wide receiver from , drafted in Round 1.0, Pick 28, known for receiving potential.",1.0,28.0,KAN,21.0,2024.0,0.0,0.0,1.0,7.0,7.0,17.0,0.0,0.0,0.0,0.0,0.0,20.0,104.0,3.0,59.0,638.0,6.0,,,,Texas,College Stats,WortXa00,worxav001
Ricky Pearsall,WR,2024,"A wide receiver from , drafted in Round 1.0, Pick 31, known for receiving potential.",1.0,31.0,SFO,23.0,2024.0,0.0,0.0,0.0,3.0,3.0,11.0,0.0,1.0,0.0,0.0,0.0,3.0,45.0,0.0,31.0,400.0,3.0,,,,Florida,College Stats,PearRi00,pearic001
Xavier Legette,WR,2024,"A wide receiver from , drafted in Round 1.0, Pick 32, known for receiving potential.",1.0,32.0,CAR,23.0,2024.0,0.0,0.0,1.0,5.0,5.0,16.0,0.0,0.0,0.0,0.0,0.0,6.0,24.0,0.0,49.0,497.0,4.0,,,,South Carolina,College Stats,LegeXa00,legxav001
Keon Coleman,WR,2024,"A wide receiver from , drafted in Round 2.0, Pick 33, known for receiving potential.",2.0,33.0,BUF,21.0,2024.0,0.0,0.0,1.0,7.0,7.0,13.0,0.0,0.0,0.0,0.0,0.0,1.0,9.0,0.0,29.0,556.0,4.0,,,,Florida St.,College Stats,ColeKe02,colkeo001
Ladd Mcconkey,WR,2024,"A wide receiver from , drafted in Round 2.0, Pick 34, known for receiving potential.",2.0,34.0,LAC,22.0,2024.0,0.0,0.0,1.0,11.0,11.0,16.0,0.0,0.0,0.0,0.0,0.0,0.0,0.0,0.0,82.0,1149.0,7.0,,,,Georgia,College Stats,McCoLa00,mcclad002
Ja'Lynn Polk,WR,2024,"A wide receiver from , drafted in Round 2.0, Pick 37, known for receiving potential.",2.0,37.0,NWE,22.0,2024.0,0.0,0.0,1.0,1.0,1.0,15.0,0.0,0.0,0.0,0.0,0.0,1.0,0.0,0.0,12.0,87.0,2.0,,,,Washington,College Stats,PolkJa00,poljal001
Jonathon Brooks,RB,2024,"A running back from , taken in Round 2.0, Pick 46, with strong rushing upside.",2.0,46.0,CAR,21.0,2024.0,0.0,0.0,0.0,0.0,0.0,3.0,0.0,0.0,0.0,0.0,0.0,9.0,22.0,0.0,3.0,23.0,0.0,,,,Texas,College Stats,BrooJo02,brojon001
Adonai Mitchell,WR,2024,"A wide receiver from , drafted in Round 2.0, Pick 52, known for receiving potential.",2.0,52.0,IND,21.0,2024.0,0.0,0.0,1.0,3.0,3.0,17.0,1.0,1.0,24.0,0.0,0.0,4.0,6.0,0.0,23.0,312.0,0.0,,,,Texas,College Stats,MitcAd00,mitado001
Ben Sinnott,TE,2024,"A tight end out of , picked in Round 2.0, Pick 53, with solid athletic traits.",2.0,53.0,WAS,22.0,2024.0,0.0,0.0,0.0,0.0,0.0,17.0,0.0,0.0,0.0,0.0,0.0,0.0,0.0,0.0,5.0,28.0,1.0,2.0,,,Kansas St.,College Stats,SinnBe00,sinben001
Malachi Corley,WR,2024,"A wide receiver from , drafted in Round 3.0, Pick 65, known for receiving potential.",3.0,65.0,NYJ,22.0,2024.0,0.0,0.0,0.0,0.0,0.0,9.0,0.0,0.0,0.0,0.0,0.0,2.0,26.0,0.0,3.0,16.0,0.0,,,,Western Kentucky,College Stats,CorlMa00,cormal001
Trey Benson,RB,2024,"A running back from , taken in Round 3.0, Pick 66, with strong rushing upside.",3.0,66.0,ARI,21.0,2024.0,0.0,0.0,0.0,2.0,2.0,13.0,0.0,0.0,0.0,0.0,0.0,63.0,291.0,1.0,6.0,59.0,0.0,,,,Florida St.,College Stats,BensTr01,bentre001
Jermaine Burton,WR,2024,"A wide receiver from , drafted in Round 3.0, Pick 80, known for receiving potential.",3.0,80.0,CIN,23.0,2024.0,0.0,0.0,0.0,1.0,1.0,14.0,0.0,0.0,0.0,0.0,0.0,0.0,0.0,0.0,4.0,107.0,0.0,,,,Alabama,College Stats,BurtJe01,burjer001
Tip Reiman,TE,2024,"A tight end out of , picked in Round 3.0, Pick 82, with solid athletic traits.",3.0,82.0,ARI,22.0,2024.0,0.0,0.0,1.0,0.0,0.0,17.0,0.0,0.0,0.0,0.0,0.0,0.0,0.0,0.0,6.0,37.0,0.0,,,,Illinois,College Stats,ReimTi00,reitip001
Blake Corum,RB,2024,"A running back from , taken in Round 3.0, Pick 83, with strong rushing upside.",3.0,83.0,LAR,23.0,2024.0,0.0,0.0,0.0,2.0,2.0,17.0,0.0,0.0,0.0,0.0,0.0,58.0,207.0,0.0,7.0,58.0,0.0,1.0,,,Michigan,College Stats,CoruBl00,corbla001
Roman Wilson,WR,2024,"A wide receiver from , drafted in Round 3.0, Pick 84, known for receiving potential.",3.0,84.0,PIT,23.0,2024.0,0.0,0.0,0.0,0.0,0.0,1.0,0.0,0.0,0.0,0.0,0.0,0.0,0.0,0.0,0.0,0.0,0.0,,,,Michigan,College Stats,WilsRo02,wilrom001
Marshawn Lloyd,RB,2024,"A running back from , taken in Round 3.0, Pick 88, with strong rushing upside.",3.0,88.0,GNB,23.0,2024.0,0.0,0.0,0.0,0.0,0.0,1.0,0.0,0.0,0.0,0.0,0.0,6.0,15.0,0.0,1.0,3.0,0.0,,,,USC,College Stats,LloyMa00,llomar002
Jalen Mcmillan,WR,2024,"A wide receiver from , drafted in Round 3.0, Pick 92, known for receiving potential.",3.0,92.0,TAM,22.0,2024.0,0.0,0.0,0.0,5.0,5.0,13.0,0.0,0.0,0.0,0.0,0.0,4.0,43.0,0.0,37.0,461.0,8.0,,,,Washington,College Stats,McMiJa01,mcmjal002
Luke Mccaffrey,WR,2024,"A wide receiver from , drafted in Round 3.0, Pick 100, known for receiving potential.",3.0,100.0,WAS,23.0,2024.0,0.0,0.0,0.0,2.0,2.0,17.0,0.0,0.0,0.0,0.0,0.0,0.0,0.0,0.0,18.0,168.0,0.0,,,,Rice,College Stats,McCaLu00,mccluk002
Ja'Tavion Sanders,TE,2024,"A tight end out of , picked in Round 4.0, Pick 101, with solid athletic traits.",4.0,101.0,CAR,21.0,2024.0,0.0,0.0,0.0,3.0,3.0,16.0,0.0,0.0,0.0,0.0,0.0,0.0,0.0,0.0,33.0,342.0,1.0,,,,Texas,College Stats,SandJa01,sanjat001
Troy Franklin,WR,2024,"A wide receiver from , drafted in Round 4.0, Pick 102, known for receiving potential.",4.0,102.0,DEN,21.0,2024.0,0.0,0.0,0.0,2.0,2.0,16.0,0.0,0.0,0.0,0.0,0.0,2.0,8.0,0.0,28.0,263.0,2.0,,,,Oregon,College Stats,FranTr00,fratro001
Theo Johnson,TE,2024,"A tight end out of , picked in Round 4.0, Pick 107, with solid athletic traits.",4.0,107.0,NYG,23.0,2024.0,0.0,0.0,1.0,2.0,2.0,12.0,0.0,0.0,0.0,0.0,0.0,0.0,0.0,0.0,29.0,331.0,1.0,,,,Penn St.,College Stats,JohnTh00,johthe001
Javon Baker,WR,2024,"A wide receiver from , drafted in Round 4.0, Pick 110, known for receiving potential.",4.0,110.0,NWE,22.0,2024.0,0.0,0.0,0.0,0.0,0.0,11.0,0.0,0.0,0.0,0.0,0.0,0.0,0.0,0.0,1.0,12.0,0.0,,,,Central Florida,College Stats,BakeJa00,bakjav001
Devontez Walker,WR,2024,"A wide receiver from , drafted in Round 4.0, Pick 113, known for receiving potential.",4.0,113.0,BAL,23.0,2024.0,0.0,0.0,0.0,0.0,0.0,9.0,0.0,0.0,0.0,0.0,0.0,0.0,0.0,0.0,1.0,21.0,1.0,2.0,,,North Carolina,College Stats,WalkDe01,waldev001
Erick All,TE,2024,"A tight end out of , picked in Round 4.0, Pick 115, with solid athletic traits.",4.0,115.0,CIN,23.0,2024.0,0.0,0.0,1.0,1.0,1.0,9.0,0.0,0.0,0.0,0.0,0.0,0.0,0.0,0.0,20.0,158.0,0.0,,,,Iowa,College Stats,AllxEr00,alleri001
Jaylen Wright,RB,2024,"A running back from , taken in Round 4.0, Pick 120, with strong rushing upside.",4.0,120.0,MIA,21.0,2024.0,0.0,0.0,0.0,2.0,2.0,15.0,0.0,0.0,0.0,0.0,0.0,68.0,249.0,0.0,3.0,8.0,0.0,,,,Tennessee,College Stats,WrigJa04,wrijay001
Aj Barner,TE,2024,"A tight end out of , picked in Round 4.0, Pick 121, with solid athletic traits.",4.0,121.0,SEA,22.0,2024.0,0.0,0.0,0.0,2.0,2.0,17.0,0.0,0.0,0.0,0.0,0.0,0.0,0.0,0.0,30.0,245.0,4.0,2.0,,,Michigan,College Stats,BarnAJ00,barajj002
Cade Stover,TE,2024,"A tight end out of , picked in Round 4.0, Pick 123, with solid athletic traits.",4.0,123.0,HOU,24.0,2024.0,0.0,0.0,1.0,1.0,1.0,15.0,0.0,0.0,0.0,0.0,0.0,0.0,0.0,0.0,15.0,133.0,1.0,5.0,,,Ohio St.,College Stats,StovCa00,stocad001
Bucky Irving,RB,2024,"A running back from , taken in Round 4.0, Pick 125, with strong rushing upside.",4.0,125.0,TAM,22.0,2024.0,0.0,0.0,0.0,12.0,12.0,17.0,0.0,0.0,0.0,0.0,0.0,207.0,1122.0,8.0,47.0,392.0,0.0,,,,Oregon,College Stats,IrviBu00,irvbuc001
Will Shipley,RB,2024,"A running back from , taken in Round 4.0, Pick 127, with strong rushing upside.",4.0,127.0,PHI,22.0,2024.0,0.0,0.0,0.0,1.0,1.0,16.0,0.0,0.0,0.0,0.0,0.0,30.0,82.0,0.0,4.0,35.0,0.0,5.0,,,Clemson,College Stats,ShipWi00,shiwil001
Ray Davis,RB,2024,"A running back from , taken in Round 4.0, Pick 128, with strong rushing upside.",4.0,128.0,BUF,24.0,2024.0,0.0,0.0,0.0,6.0,6.0,17.0,0.0,0.0,0.0,0.0,0.0,113.0,442.0,3.0,17.0,189.0,3.0,,,,Kentucky,College Stats,DaviRa04,davray001
Isaac Guerendo,RB,2024,"A running back from , taken in Round 4.0, Pick 129, with strong rushing upside.",4.0,129.0,SFO,24.0,2024.0,0.0,0.0,0.0,4.0,4.0,16.0,0.0,0.0,0.0,0.0,0.0,84.0,420.0,4.0,15.0,152.0,0.0,,,,Louisville,College Stats,GuerIs00,gueisa001
Jared Wiley,TE,2024,"A tight end out of , picked in Round 4.0, Pick 131, with solid athletic traits.",4.0,131.0,KAN,23.0,2024.0,0.0,0.0,0.0,0.0,0.0,7.0,0.0,0.0,0.0,0.0,0.0,0.0,0.0,0.0,1.0,7.0,0.0,,,,TCU,College Stats,WileJa00,wiljar001
Braelon Allen,RB,2024,"A running back from , taken in Round 4.0, Pick 134, with strong rushing upside.",4.0,134.0,NYJ,20.0,2024.0,0.0,0.0,0.0,3.0,3.0,17.0,0.0,0.0,0.0,0.0,0.0,92.0,334.0,2.0,19.0,148.0,1.0,1.0,,,Wisconsin,College Stats,AlleBr05,allbra001
Jacob Cowing,WR,2024,"A wide receiver from , drafted in Round 4.0, Pick 135, known for receiving potential.",4.0,135.0,SFO,23.0,2024.0,0.0,0.0,0.0,1.0,1.0,15.0,0.0,0.0,0.0,0.0,0.0,1.0,7.0,0.0,4.0,80.0,0.0,,,,Arizona,College Stats,CowiJa00,cowjac001
Anthony Gould,WR,2024,"A wide receiver from , drafted in Round 5.0, Pick 142, known for receiving potential.",5.0,142.0,IND,23.0,2024.0,0.0,0.0,0.0,0.0,0.0,8.0,0.0,0.0,0.0,0.0,0.0,0.0,0.0,0.0,1.0,23.0,0.0,,,,Oregon St.,College Stats,GoulAn00,gouant001
Audric Estime,RB,2024,"A running back from , taken in Round 5.0, Pick 147, with strong rushing upside.",5.0,147.0,DEN,21.0,2024.0,0.0,0.0,0.0,2.0,2.0,13.0,0.0,0.0,0.0,0.0,0.0,76.0,310.0,2.0,5.0,27.0,0.0,,,,Notre Dame,College Stats,EstiAu00,estaud001
Spencer Rattler,QB,2024,"A quarterback from , selected in Round 5.0, Pick 150, with notable passing experience.",5.0,150.0,NOR,23.0,2024.0,0.0,0.0,0.0,2.0,2.0,7.0,130.0,228.0,1317.0,4.0,5.0,18.0,146.0,0.0,0.0,0.0,0.0,,,,South Carolina,College Stats,RattSp00,ratspe001
Ainias Smith,WR,2024,"A wide receiver from , drafted in Round 5.0, Pick 152, known for receiving potential.",5.0,152.0,PHI,23.0,2024.0,0.0,0.0,0.0,1.0,1.0,7.0,0.0,0.0,0.0,0.0,0.0,2.0,6.0,0.0,7.0,41.0,1.0,,,,Texas A&M,College Stats,SmitAi00,smiain001
Jamari Thrash,WR,2024,"A wide receiver from , drafted in Round 5.0, Pick 156, known for receiving potential.",5.0,156.0,CLE,23.0,2024.0,0.0,0.0,0.0,0.0,0.0,9.0,0.0,0.0,0.0,0.0,0.0,0.0,0.0,0.0,3.0,22.0,0.0,,,,Louisville,College Stats,ThraJa01,thrjam001
Rasheen Ali,RB,2024,"A running back from , taken in Round 5.0, Pick 165, with strong rushing upside.",5.0,165.0,BAL,23.0,2024.0,0.0,0.0,0.0,0.0,0.0,6.0,0.0,0.0,0.0,0.0,0.0,10.0,31.0,0.0,0.0,0.0,0.0,,,,Marshall,College Stats,AlixRa00,aliras001
Tyrone Tracy Jr.,RB,2024,"A running back from , taken in Round 5.0, Pick 166, with strong rushing upside.",5.0,166.0,NYG,24.0,2024.0,0.0,0.0,1.0,6.0,6.0,17.0,0.0,0.0,0.0,0.0,0.0,192.0,839.0,5.0,38.0,284.0,1.0,,,,Purdue,College Stats,TracTy00,jrrtyr001
Keilan Robinson,RB,2024,"A running back from , taken in Round 5.0, Pick 167, with strong rushing upside.",5.0,167.0,JAX,24.0,2024.0,0.0,0.0,0.0,0.0,0.0,6.0,0.0,0.0,0.0,0.0,0.0,0.0,0.0,0.0,0.0,0.0,0.0,,,,Texas,College Stats,RobiKe03,robkei001
Bub Means,WR,2024,"A wide receiver from , drafted in Round 5.0, Pick 170, known for receiving potential.",5.0,170.0,NOR,23.0,2024.0,0.0,0.0,0.0,1.0,1.0,7.0,0.0,0.0,0.0,0.0,0.0,0.0,0.0,0.0,9.0,118.0,1.0,,,,Pittsburgh,College Stats,MeanBu00,meabub001
Jordan Travis,QB,2024,"A quarterback from , selected in Round 5.0, Pick 171, with notable passing experience.",5.0,171.0,NYJ,24.0,,0.0,0.0,0.0,,,,,,,,,,,,,,,,,,Florida St.,College Stats,TravJo00,trajor001
Isaiah Davis,RB,2024,"A running back from , taken in Round 5.0, Pick 173, with strong rushing upside.",5.0,173.0,NYJ,22.0,2024.0,0.0,0.0,0.0,2.0,2.0,17.0,0.0,0.0,0.0,0.0,0.0,30.0,174.0,1.0,9.0,75.0,1.0,7.0,,,South Dakota St.,,DaviIs00,davisa001
Kimani Vidal,RB,2024,"A running back from , taken in Round 6.0, Pick 181, with strong rushing upside.",6.0,181.0,LAC,23.0,2024.0,0.0,0.0,0.0,2.0,2.0,10.0,0.0,0.0,0.0,0.0,0.0,43.0,155.0,0.0,5.0,62.0,1.0,,,,Troy,College Stats,VidaKi00,vidkim001
Jha'Quan Jackson,WR,2024,"A wide receiver from , drafted in Round 6.0, Pick 182, known for receiving potential.",6.0,182.0,TEN,24.0,2024.0,0.0,0.0,0.0,0.0,0.0,12.0,0.0,0.0,0.0,0.0,0.0,1.0,-5.0,0.0,1.0,8.0,0.0,,,,Tulane,College Stats,JackJh00,jacjha001
Malik Washington,WR,2024,"A wide receiver from , drafted in Round 6.0, Pick 184, known for receiving potential.",6.0,184.0,MIA,23.0,2024.0,0.0,0.0,0.0,2.0,2.0,14.0,0.0,0.0,0.0,0.0,0.0,5.0,25.0,1.0,26.0,223.0,0.0,,,,Virginia,College Stats,WashMa00,wasmal001
Johnny Wilson,WR,2024,"A wide receiver from , drafted in Round 6.0, Pick 185, known for receiving potential.",6.0,185.0,PHI,23.0,2024.0,0.0,0.0,0.0,0.0,0.0,16.0,0.0,0.0,0.0,0.0,0.0,0.0,0.0,0.0,5.0,38.0,1.0,,,,Florida St.,College Stats,WilsJo03,wiljoh001
Jase Mcclellan,RB,2024,"A running back from , taken in Round 6.0, Pick 186, with strong rushing upside.",6.0,186.0,ATL,22.0,2024.0,0.0,0.0,0.0,0.0,0.0,2.0,0.0,0.0,0.0,0.0,0.0,13.0,32.0,0.0,0.0,0.0,0.0,,,,Alabama,College Stats,McClJa05,mccjas002
Casey Washington,WR,2024,"A wide receiver from , drafted in Round 6.0, Pick 187, known for receiving potential.",6.0,187.0,ATL,23.0,2024.0,0.0,0.0,0.0,0.0,0.0,8.0,0.0,0.0,0.0,0.0,0.0,0.0,0.0,0.0,1.0,14.0,0.0,,,,Illinois,College Stats,WashCa01,wascas001
Tejhaun Palmer,WR,2024,"A wide receiver from , drafted in Round 6.0, Pick 191, known for receiving potential.",6.0,191.0,ARI,24.0,,0.0,0.0,0.0,,,,,,,,,,,,,,,,,,Ala-Birmingham,College Stats,PalmTe00,paltej001
Joe Milton,QB,2024,"A quarterback from , selected in Round 6.0, Pick 193, with notable passing experience.",6.0,193.0,NWE,24.0,2024.0,0.0,0.0,0.0,1.0,1.0,1.0,22.0,29.0,241.0,1.0,0.0,10.0,16.0,1.0,0.0,0.0,0.0,,,,Tennessee,College Stats,MiltJo00,miljoe001
Tanner Mclachlan,TE,2024,"A tight end out of , picked in Round 6.0, Pick 194, with solid athletic traits.",6.0,194.0,CIN,25.0,2024.0,0.0,0.0,0.0,0.0,0.0,2.0,0.0,0.0,0.0,0.0,0.0,0.0,0.0,0.0,0.0,0.0,0.0,,,,Arizona,College Stats,McLaTa00,mcltan002
Jawhar Jordan,RB,2024,"A running back from , taken in Round 6.0, Pick 205, with strong rushing upside.",6.0,205.0,HOU,25.0,,0.0,0.0,0.0,,,,,,,,,,,,,,,,,,Louisville,College Stats,JordJa00,jorjaw001
Dylan Laube,RB,2024,"A running back from , taken in Round 6.0, Pick 208, with strong rushing upside.",6.0,208.0,LVR,24.0,2024.0,0.0,0.0,0.0,0.0,0.0,10.0,0.0,0.0,0.0,0.0,0.0,1.0,0.0,0.0,0.0,0.0,0.0,1.0,,,New Hampshire,,LaubDy00,laudyl001
Jordan Whittington,WR,2024,"A wide receiver from , drafted in Round 6.0, Pick 213, known for receiving potential.",6.0,213.0,LAR,23.0,2024.0,0.0,0.0,0.0,3.0,3.0,15.0,0.0,0.0,0.0,0.0,0.0,2.0,12.0,0.0,22.0,293.0,0.0,4.0,,,Texas,College Stats,WhitJo04,whijor001
Ryan Flournoy,WR,2024,"A wide receiver from , drafted in Round 6.0, Pick 216, known for receiving potential.",6.0,216.0,DAL,24.0,2024.0,0.0,0.0,0.0,1.0,1.0,11.0,0.0,0.0,0.0,0.0,0.0,0.0,0.0,0.0,10.0,102.0,0.0,2.0,,,SE Missouri St.,,FlouRy00,florya001
Devin Leary,QB,2024,"A quarterback from , selected in Round 6.0, Pick 218, with notable passing experience.",6.0,218.0,BAL,24.0,,0.0,0.0,0.0,,,,,,,,,,,,,,,,,,Kentucky,College Stats,LearDe00,leadev001
Brenden Rice,WR,2024,"A wide receiver from , drafted in Round 7.0, Pick 225, known for receiving potential.",7.0,225.0,LAC,22.0,2024.0,0.0,0.0,0.0,0.0,0.0,3.0,0.0,0.0,0.0,0.0,0.0,0.0,0.0,0.0,0.0,0.0,0.0,,,,USC,College Stats,RiceBr00,ricbre001
Jaheim Bell,TE,2024,"A tight end out of , picked in Round 7.0, Pick 231, with solid athletic traits.",7.0,231.0,NWE,23.0,2024.0,0.0,0.0,0.0,0.0,0.0,15.0,0.0,0.0,0.0,0.0,0.0,0.0,0.0,0.0,2.0,20.0,0.0,1.0,,,Florida St.,College Stats,BellJa00,beljah001
Devaughn Vele,WR,2024,"A wide receiver from , drafted in Round 7.0, Pick 235, known for receiving potential.",7.0,235.0,DEN,26.0,2024.0,0.0,0.0,0.0,4.0,4.0,13.0,0.0,0.0,0.0,0.0,0.0,0.0,0.0,0.0,41.0,475.0,3.0,,,,Utah,College Stats,VeleDe00,veldev001
Tahj Washington,WR,2024,"A wide receiver from , drafted in Round 7.0, Pick 241, known for receiving potential.",7.0,241.0,MIA,23.0,,0.0,0.0,0.0,,,,,,,,,,,,,,,,,,USC,College Stats,WashTa00,wastah001
Michael Pratt,QB,2024,"A quarterback from , selected in Round 7.0, Pick 245, with notable passing experience.",7.0,245.0,GNB,22.0,,0.0,0.0,0.0,,,,,,,,,,,,,,,,,,Tulane,College Stats,PratMi00,pramic001
Devin Culp,TE,2024,"A tight end out of , picked in Round 7.0, Pick 246, with solid athletic traits.",7.0,246.0,TAM,24.0,2024.0,0.0,0.0,0.0,1.0,1.0,5.0,0.0,0.0,0.0,0.0,0.0,0.0,0.0,0.0,5.0,88.0,0.0,,,,Washington,College Stats,CulpDe00,culdev001
Cornelius Johnson,WR,2024,"A wide receiver from , drafted in Round 7.0, Pick 253, known for receiving potential.",7.0,253.0,LAC,23.0,,0.0,0.0,0.0,,,,,,,,,,,,,,,,,,Michigan,College Stats,JohnCo02,johcor001
